"","weight","height","male","educ","physical","stamps","white","black"
"1",208,68,0,3,1,0,0,1
"2",250,73,1,12,3,0,1,0
"3",165,69,1,9,5,0,1,0
"4",140,67,1,10,3,0,1,0
"5",100,61,0,14,2,0,1,0
"6",160,67,1,7,2,0,1,0
"7",213,63,0,12,3,1,0,1
"8",220,65,0,9,1,0,0,1
"9",130,66,0,12,4,0,0,1
"10",130,68,1,9,5,0,1,0
"11",135,67,0,12,1,0,1,0
"12",165,68,1,10,5,0,0,1
"13",188,67,1,14,1,0,0,1
"14",165,65,0,5,1,0,0,1
"15",245,69,1,6,4,0,0,1
"16",140,64,0,3,2,0,0,1
"17",214,66,0,6,2,0,0,1
"18",130,64,0,12,5,0,1,0
"19",135,64,0,17,5,0,1,0
"20",240,67,1,12,5,0,1,0
"21",125,65,0,14,4,0,1,0
"22",120,65,0,12,4,0,1,0
"23",108,60,0,12,5,0,0,0
"24",180,65,0,15,5,0,0,1
"25",101,65,0,8,1,0,1,0
"26",145,62,0,13,2,0,0,1
"27",190,67,0,16,4,0,0,1
"28",227,72,1,13,1,0,0,1
"29",160,70,1,12,5,0,1,0
"30",175,68,0,11,4,0,1,0
"31",180,70,1,8,3,0,1,0
"32",175,74,1,12,5,0,0,1
"33",232,67,1,12,5,0,0,1
"34",180,62,0,9,2,0,0,1
"35",168,73,1,14,5,0,1,0
"36",169,72,1,8,1,0,0,1
"37",115,64,0,7,3,0,0,1
"38",148,64,0,3,1,0,0,1
"39",165,71,1,12,1,0,0,1
"40",290,65,0,2,1,1,1,0
"41",145,62,0,12,3,0,1,0
"42",140,67,0,15,3,0,1,0
"43",196,66,1,8,5,0,1,0
"44",146,67,1,12,3,0,0,0
"45",160,65,0,4,2,0,0,1
"46",230,74,1,16,3,0,1,0
"47",156,61,0,10,5,0,1,0
"48",108,60,0,14,5,0,0,1
"49",165,73,1,16,4,0,1,0
"50",143,65,0,8,2,0,0,1
"51",200,67,0,17,2,0,1,0
"52",222,73,1,12,4,0,1,0
"53",165,64,0,14,1,0,1,0
"54",145,67,0,12,2,0,1,0
"55",150,66,0,14,1,0,1,0
"56",180,73,1,17,3,0,1,0
"57",159,67,1,14,1,0,1,0
"58",215,70,1,14,3,0,1,0
"59",162,64,0,10,3,0,1,0
"60",157,62,0,15,5,0,1,0
"61",140,65,0,12,3,0,1,0
"62",145,62,0,12,2,1,0,1
"63",170,69,0,13,3,0,1,0
"64",130,66,0,12,3,0,0,1
"65",186,67,0,7,1,0,1,0
"66",120,66,0,12,3,0,1,0
"67",143,60,0,8,1,0,1,0
"68",195,72,1,17,2,0,0,0
"69",200,68,1,14,3,0,0,0
"70",125,65,0,17,4,0,1,0
"71",137,69,1,9,3,0,0,1
"72",210,63,1,5,1,0,0,1
"73",167,68,0,10,5,0,0,1
"74",268,67,1,7,2,0,1,0
"75",150,63,0,15,4,0,0,1
"76",175,67,0,13,5,0,1,0
"77",115,61,0,12,3,1,0,1
"78",200,64,0,12,1,0,0,1
"79",136,63,0,12,1,0,1,0
"80",285,73,1,10,1,0,0,1
"81",190,71,1,13,2,0,0,1
"82",170,67,1,12,4,0,0,1
"83",159,65,0,12,4,0,1,0
"84",185,70,1,14,5,0,1,0
"85",145,64,0,12,5,0,0,1
"86",175,75,1,12,3,0,0,1
"87",146,63,0,8,3,0,0,1
"88",270,68,1,12,3,0,1,0
"89",122,64,1,8,3,0,1,0
"90",140,62,0,8,2,0,1,0
"91",170,63,0,11,1,1,1,0
"92",160,68,0,12,5,0,1,0
"93",110,61,0,14,3,0,1,0
"94",224,73,1,11,3,0,1,0
"95",125,63,0,13,2,0,1,0
"96",119,60,0,10,1,0,1,0
"97",132,62,0,11,1,1,0,1
"98",162,64,0,8,1,0,0,1
"99",190,71,1,17,3,0,1,0
"100",108,63,0,14,4,0,0,1
"101",155,73,1,12,4,0,1,0
"102",170,67,1,13,1,0,1,0
"103",232,67,0,12,1,1,0,1
"104",127,63,0,12,5,0,0,1
"105",160,68,1,17,5,0,1,0
"106",142,63,0,13,2,0,1,0
"107",114,62,0,8,3,0,0,1
"108",320,71,1,12,3,0,0,1
"109",185,66,1,6,1,0,0,0
"110",116,61,0,7,1,0,0,0
"111",165,72,1,14,2,0,0,1
"112",130,63,0,13,2,0,1,0
"113",150,67,0,13,4,0,1,0
"114",168,64,0,4,3,0,0,1
"115",135,64,0,15,5,0,1,0
"116",180,65,0,9,3,0,0,1
"117",121,65,0,14,5,0,1,0
"118",130,66,1,5,3,0,1,0
"119",160,73,1,3,3,0,0,1
"120",112,64,0,12,1,0,1,0
"121",190,75,1,12,5,0,1,0
"122",110,64,0,14,2,0,0,1
"123",149,62,0,4,2,0,0,1
"124",137,61,0,11,3,0,1,0
"125",118,65,0,13,3,0,1,0
"126",148,66,0,8,1,0,0,1
"127",154,67,1,8,1,0,1,0
"128",130,69,1,9,5,0,1,0
"129",240,72,1,17,4,0,1,0
"130",150,69,1,12,3,0,1,0
"131",150,68,1,12,5,0,1,0
"132",149,70,0,15,1,0,0,1
"133",212,72,1,12,1,0,1,0
"134",200,70,1,14,5,0,0,1
"135",122,62,0,12,5,0,1,0
"136",237,60,0,5,1,0,0,1
"137",190,64,0,10,3,1,0,1
"138",222,70,1,3,3,0,0,1
"139",130,65,0,4,1,0,0,1
"140",135,61,0,11,2,0,1,0
"141",165,69,0,13,2,0,0,1
"142",170,73,1,6,3,1,0,1
"143",125,64,0,12,3,0,1,0
"144",165,69,1,15,3,0,1,0
"145",201,63,0,10,3,1,0,1
"146",189,63,0,7,3,1,0,1
"147",103,59,0,7,1,0,1,0
"148",240,74,1,11,5,0,1,0
"149",130,67,0,12,5,0,1,0
"150",170,64,0,8,4,0,1,0
"151",180,70,1,12,3,0,1,0
"152",139,63,0,7,1,0,1,0
"153",200,65,0,10,4,1,0,1
"154",158,64,0,14,4,0,1,0
"155",125,64,0,12,4,0,1,0
"156",NA,67,0,12,2,0,1,0
"157",130,65,0,7,3,0,1,0
"158",160,62,0,9,1,0,1,0
"159",159,61,0,10,3,0,1,0
"160",160,65,0,12,5,0,1,0
"161",142,64,0,11,5,0,0,1
"162",200,67,0,12,2,0,1,0
"163",190,69,1,12,5,0,1,0
"164",160,68,0,14,2,0,0,1
"165",167,68,1,16,3,0,1,0
"166",160,68,1,3,1,0,1,0
"167",152,69,1,8,3,0,0,1
"168",135,66,0,4,3,1,0,1
"169",151,63,0,9,3,0,0,1
"170",170,67,1,13,2,0,1,0
"171",140,55,0,17,4,0,0,1
"172",160,66,1,10,5,0,0,1
"173",205,72,1,14,5,0,1,0
"174",150,66,0,10,2,0,0,1
"175",152,65,0,8,1,1,0,1
"176",200,64,0,12,3,0,0,1
"177",230,76,1,14,3,0,0,1
"178",133,66,0,7,1,0,0,1
"179",159,60,0,8,1,0,0,1
"180",200,63,0,9,3,0,0,1
"181",170,69,0,10,1,0,0,1
"182",130,69,1,12,1,0,0,1
"183",124,63,0,13,4,0,1,0
"184",147,57,0,8,4,0,1,0
"185",165,65,0,12,3,0,1,0
"186",186,68,1,8,1,0,1,0
"187",161,59,0,11,1,1,0,1
"188",122,67,0,15,5,0,1,0
"189",115,62,0,8,1,0,1,0
"190",151,69,0,3,3,0,0,1
"191",145,65,0,12,1,0,1,0
"192",160,65,0,16,1,0,1,0
"193",150,62,0,12,3,0,1,0
"194",145,66,1,16,3,0,1,0
"195",175,65,1,8,3,0,1,0
"196",150,61,0,8,1,0,1,0
"197",215,72,1,5,3,0,1,0
"198",195,71,1,11,4,0,0,1
"199",153,67,1,9,4,0,1,0
"200",155,65,1,14,3,0,1,0
"201",155,73,1,10,1,0,0,1
"202",135,69,1,10,1,0,0,1
"203",110,63,0,9,1,0,1,0
"204",180,66,1,12,3,0,1,0
"205",160,70,0,15,2,0,1,0
"206",180,71,1,14,5,0,1,0
"207",160,65,1,8,4,0,1,0
"208",170,69,1,10,1,0,1,0
"209",190,69,1,7,3,0,1,0
"210",155,74,1,12,3,0,1,0
"211",182,73,1,13,1,0,1,0
"212",180,64,0,12,5,0,1,0
"213",253,64,0,5,2,1,0,1
"214",128,69,1,10,1,0,1,0
"215",215,66,1,12,5,0,1,0
"216",128,61,0,10,5,0,0,1
"217",170,71,1,8,5,0,1,0
"218",200,74,1,13,5,0,1,0
"219",200,69,1,8,1,0,1,0
"220",190,78,1,2,1,0,0,1
"221",172,70,1,12,3,0,0,1
"222",140,71,1,10,3,0,1,0
"223",97,59,0,17,1,0,0,0
"224",140,67,0,14,5,0,1,0
"225",192,72,1,16,5,0,1,0
"226",172,68,1,6,5,0,1,0
"227",150,61,0,10,5,0,1,0
"228",155,70,1,16,3,0,1,0
"229",215,72,1,12,1,0,1,0
"230",175,74,1,12,3,0,1,0
"231",135,64,1,8,5,0,1,0
"232",175,64,0,11,1,0,1,0
"233",185,67,0,10,5,1,0,1
"234",NA,60,0,8,3,0,1,0
"235",128,62,0,15,5,0,1,0
"236",240,63,0,8,1,0,1,0
"237",170,63,0,6,1,0,1,0
"238",152,64,0,16,3,0,0,1
"239",213,73,1,17,1,0,0,1
"240",150,62,0,8,5,0,1,0
"241",135,62,0,12,5,0,1,0
"242",167,63,0,12,5,0,1,0
"243",98,63,0,12,1,0,1,0
"244",146,62,0,13,2,0,1,0
"245",146,63,0,12,4,0,1,0
"246",140,64,0,17,4,0,1,0
"247",115,66,0,16,3,0,1,0
"248",155,69,1,11,4,0,1,0
"249",150,64,0,7,1,0,1,0
"250",120,62,0,12,4,0,1,0
"251",132,66,0,12,1,0,1,0
"252",112,61,0,12,1,0,0,1
"253",135,64,0,12,3,0,1,0
"254",160,63,0,8,1,0,1,0
"255",160,71,1,17,1,0,1,0
"256",240,69,1,12,2,0,0,1
"257",142,65,1,10,5,0,0,1
"258",155,65,0,9,1,0,0,1
"259",190,75,1,14,5,0,1,0
"260",195,62,0,8,1,0,1,0
"261",170,64,0,12,2,0,1,0
"262",174,65,1,12,3,0,0,1
"263",135,67,0,12,4,0,1,0
"264",115,63,0,0,1,0,0,1
"265",130,61,0,14,3,0,0,1
"266",171,63,0,12,5,0,1,0
"267",160,66,0,12,5,0,0,1
"268",125,62,0,14,2,0,1,0
"269",140,60,0,12,5,0,1,0
"270",165,64,0,12,5,0,1,0
"271",86,59,0,12,1,0,0,1
"272",250,68,0,8,2,0,1,0
"273",210,NA,1,6,1,1,1,0
"274",175,62,0,14,4,0,1,0
"275",124,67,0,11,5,1,0,1
"276",170,66,0,9,4,0,1,0
"277",120,66,0,12,3,0,0,1
"278",147,63,0,12,4,0,0,1
"279",112,61,0,16,2,0,1,0
"280",195,69,1,11,3,0,0,1
"281",195,65,0,12,3,0,1,0
"282",190,71,1,11,4,0,1,0
"283",135,70,0,14,3,1,1,0
"284",184,63,0,6,1,0,1,0
"285",185,63,0,11,1,0,0,1
"286",195,74,1,12,4,0,0,1
"287",138,63,0,12,1,0,1,0
"288",180,62,0,12,3,0,1,0
"289",186,64,0,11,1,0,1,0
"290",165,67,0,12,2,0,1,0
"291",95,51,0,10,1,0,1,0
"292",180,73,1,17,5,0,1,0
"293",178,66,1,8,1,0,0,1
"294",110,60,0,5,1,1,0,1
"295",160,63,0,8,2,0,1,0
"296",185,75,1,14,3,0,0,1
"297",108,62,0,12,3,0,0,1
"298",103,62,0,8,1,0,1,0
"299",122,64,0,8,5,0,1,0
"300",158,66,1,1,3,1,0,1
"301",174,65,0,2,2,0,0,1
"302",125,64,0,4,1,0,0,1
"303",200,69,0,10,2,1,0,1
"304",175,69,1,9,1,0,0,1
"305",NA,64,0,12,3,0,0,1
"306",150,62,0,10,3,0,1,0
"307",147,68,0,12,5,0,1,0
"308",180,65,0,10,2,0,0,1
"309",145,63,0,12,1,0,1,0
"310",128,66,0,12,2,0,1,0
"311",NA,61,0,12,3,0,0,1
"312",165,67,0,16,2,0,0,1
"313",160,64,0,17,5,0,0,1
"314",145,64,1,12,1,0,0,0
"315",159,66,0,13,4,0,1,0
"316",110,62,0,6,1,0,0,1
"317",140,61,0,10,1,0,0,1
"318",168,72,1,12,2,0,1,0
"319",149,62,0,11,4,0,1,0
"320",129,62,0,12,3,1,0,1
"321",90,63,0,12,3,1,0,1
"322",195,63,0,8,3,0,0,1
"323",130,63,0,13,3,0,1,0
"324",205,72,1,13,5,0,0,1
"325",200,63,0,12,1,0,0,0
"326",130,63,0,8,3,0,1,0
"327",187,68,0,6,4,0,1,0
"328",160,63,0,16,2,0,1,0
"329",159,73,1,8,4,1,0,0
"330",172,69,1,3,1,0,0,1
"331",180,63,0,7,1,0,1,0
"332",175,62,0,12,2,0,0,1
"333",150,66,1,1,2,1,0,1
"334",160,68,1,12,1,0,1,0
"335",175,70,1,12,3,0,1,0
"336",120,67,0,12,2,0,1,0
"337",380,72,1,11,1,0,1,0
"338",200,69,1,11,2,0,1,0
"339",165,66,0,12,2,0,1,0
"340",220,74,1,15,2,0,1,0
"341",195,71,1,7,5,0,1,0
"342",185,67,1,10,3,0,1,0
"343",140,67,0,7,3,0,1,0
"344",185,69,1,13,5,0,1,0
"345",185,71,1,11,4,0,1,0
"346",140,63,0,12,5,0,0,1
"347",106,65,0,14,1,0,1,0
"348",165,63,0,12,4,0,1,0
"349",185,68,1,12,1,0,1,0
"350",160,65,0,16,5,0,0,1
"351",120,65,0,15,4,0,1,0
"352",105,58,0,10,1,0,1,0
"353",200,69,1,14,5,0,1,0
"354",200,71,1,11,4,0,1,0
"355",126,67,0,14,3,0,1,0
"356",114,62,0,11,2,0,1,0
"357",162,67,0,16,3,0,1,0
"358",156,71,1,13,4,0,0,1
"359",223,67,0,13,3,0,0,1
"360",210,69,0,16,1,0,0,0
"361",190,71,1,15,4,0,0,0
"362",125,63,0,11,2,0,0,0
"363",175,68,1,12,3,0,0,0
"364",180,62,0,8,5,0,1,0
"365",190,67,1,10,5,0,1,0
"366",230,72,1,15,2,0,1,0
"367",190,68,1,10,1,0,0,1
"368",167,63,0,6,1,0,0,1
"369",140,64,0,16,2,0,1,0
"370",165,66,0,14,5,0,0,1
"371",155,67,1,8,1,0,0,0
"372",125,63,0,12,2,0,0,1
"373",165,66,1,8,3,0,0,1
"374",180,68,0,8,3,0,1,0
"375",250,72,1,17,5,0,1,0
"376",130,62,0,8,2,0,1,0
"377",162,62,0,11,1,0,0,1
"378",143,64,1,12,3,0,0,1
"379",165,65,1,16,1,0,1,0
"380",152,67,0,12,1,0,1,0
"381",98,61,0,12,5,0,1,0
"382",270,75,1,12,5,0,1,0
"383",150,66,0,12,2,0,1,0
"384",160,67,0,17,2,0,1,0
"385",170,60,0,12,3,0,1,0
"386",260,71,0,6,2,0,0,1
"387",130,64,1,14,3,0,1,0
"388",150,66,1,16,5,0,1,0
"389",130,65,0,17,3,0,1,0
"390",253,63,0,16,1,0,1,0
"391",225,72,1,12,4,0,1,0
"392",175,70,1,17,5,0,1,0
"393",157,62,0,15,3,0,1,0
"394",145,65,0,13,1,0,1,0
"395",150,63,0,8,1,0,0,1
"396",125,66,0,9,1,1,0,1
"397",160,65,0,11,3,1,0,1
"398",144,62,0,9,3,1,0,0
"399",130,66,1,9,3,0,0,1
"400",155,65,0,7,2,0,0,1
"401",210,66,0,14,3,0,1,0
"402",150,68,1,16,5,0,1,0
"403",160,63,0,12,4,0,1,0
"404",117,62,0,17,4,0,1,0
"405",180,64,0,14,3,0,1,0
"406",210,61,0,10,1,0,0,1
"407",168,69,1,13,3,0,1,0
"408",182,60,0,13,5,0,1,0
"409",115,63,0,12,2,0,1,0
"410",170,72,1,12,5,0,0,0
"411",200,67,1,12,4,0,0,0
"412",125,62,0,8,2,0,1,0
"413",138,64,1,8,3,0,1,0
"414",111,61,0,10,3,0,1,0
"415",165,62,0,12,3,0,1,0
"416",180,61,0,12,2,0,1,0
"417",142,66,1,8,1,0,1,0
"418",245,66,1,6,3,0,0,1
"419",125,66,0,7,1,1,1,0
"420",160,65,1,10,1,0,1,0
"421",156,66,0,12,5,0,0,0
"422",160,69,1,12,3,0,0,1
"423",135,61,0,8,1,0,1,0
"424",122,65,0,12,4,0,1,0
"425",150,61,0,10,1,0,0,1
"426",173,63,0,7,4,0,0,1
"427",177,63,0,11,1,1,0,1
"428",122,65,0,12,3,0,1,0
"429",150,65,0,13,5,0,1,0
"430",90,61,0,9,3,0,0,1
"431",190,66,0,9,2,1,1,0
"432",120,63,0,11,2,0,1,0
"433",140,67,1,5,1,0,1,0
"434",145,71,1,8,2,0,1,0
"435",210,73,1,14,2,0,1,0
"436",155,62,0,8,1,0,0,1
"437",140,63,0,13,5,0,1,0
"438",185,69,1,10,5,0,1,0
"439",150,61,0,12,5,0,1,0
"440",180,65,0,12,3,0,1,0
"441",180,72,1,14,2,0,1,0
"442",220,67,0,12,1,0,1,0
"443",167,69,0,14,4,0,1,0
"444",145,64,0,10,2,0,1,0
"445",145,65,0,8,5,0,0,1
"446",95,61,0,12,3,0,0,1
"447",225,70,1,12,1,0,0,1
"448",167,71,1,16,4,0,1,0
"449",138,63,0,14,1,0,1,0
"450",154,62,0,8,1,0,1,0
"451",190,61,0,9,1,0,0,1
"452",155,63,0,12,1,0,0,1
"453",175,71,1,12,1,0,1,0
"454",180,64,0,7,1,0,0,1
"455",175,67,0,9,3,1,0,1
"456",170,63,0,13,3,1,0,1
"457",123,64,0,10,2,0,1,0
"458",170,65,0,9,1,0,1,0
"459",185,61,0,8,5,0,1,0
"460",135,62,0,8,3,0,1,0
"461",150,62,0,10,4,0,1,0
"462",148,61,0,6,1,0,1,0
"463",195,71,1,16,5,0,1,0
"464",197,66,0,5,4,0,0,0
"465",129,65,0,12,5,0,1,0
"466",123,66,0,14,5,0,1,0
"467",192,73,1,17,5,0,1,0
"468",95,62,0,12,4,0,1,0
"469",115,64,0,12,3,0,1,0
"470",160,69,1,17,3,0,1,0
"471",158,62,0,8,5,0,1,0
"472",150,67,0,15,5,0,0,1
"473",250,75,1,14,3,0,0,1
"474",140,65,1,12,3,0,1,0
"475",165,67,0,15,3,0,0,1
"476",131,60,0,12,3,0,1,0
"477",230,64,0,8,2,0,0,1
"478",135,60,0,8,3,0,0,1
"479",110,63,0,12,3,0,0,1
"480",160,67,1,9,3,0,0,1
"481",102,60,0,8,1,0,1,0
"482",115,66,1,10,5,0,1,0
"483",165,68,1,13,3,0,0,1
"484",190,71,1,12,3,0,0,1
"485",112,64,0,11,1,1,1,0
"486",130,63,0,12,3,0,1,0
"487",85,66,0,10,3,0,1,0
"488",175,72,1,12,1,0,1,0
"489",149,67,1,14,3,0,0,1
"490",153,62,0,5,3,1,0,1
"491",234,64,0,7,4,1,0,1
"492",110,64,0,11,3,0,0,1
"493",155,67,1,17,1,0,0,1
"494",120,68,0,12,3,0,1,0
"495",185,71,1,14,3,0,0,1
"496",150,63,0,12,1,0,1,0
"497",160,68,1,12,1,0,1,0
"498",170,73,1,17,4,0,1,0
"499",170,63,0,14,3,0,0,1
"500",150,64,0,13,3,0,1,0
"501",256,65,0,11,3,1,0,1
"502",210,69,1,17,4,0,0,0
"503",83,60,0,12,1,0,1,0
"504",230,70,1,4,1,0,1,0
"505",130,63,0,7,3,0,0,1
"506",112,62,0,5,1,1,0,1
"507",160,65,0,10,1,0,0,1
"508",172,58,0,3,3,0,1,0
"509",164,71,0,12,3,0,1,0
"510",230,69,1,16,2,0,0,1
"511",140,61,0,10,3,0,1,0
"512",125,63,0,12,4,0,1,0
"513",158,68,0,12,2,1,1,0
"514",110,70,0,14,1,0,1,0
"515",137,63,0,9,1,0,0,1
"516",153,64,0,12,1,0,0,1
"517",120,65,0,17,3,0,1,0
"518",163,66,0,6,1,1,0,1
"519",236,67,0,8,1,0,1,0
"520",170,70,0,8,2,0,1,0
"521",185,67,1,12,2,0,0,1
"522",124,58,0,11,1,0,0,1
"523",152,64,0,12,3,0,0,1
"524",205,66,1,1,1,0,0,1
"525",92,75,1,7,2,1,0,1
"526",170,63,0,7,2,0,0,1
"527",170,62,0,3,1,0,0,1
"528",129,65,0,5,1,1,0,1
"529",178,68,0,12,4,0,0,1
"530",190,66,0,3,3,1,0,1
"531",177,64,0,8,1,1,0,1
"532",140,68,1,12,5,0,1,0
"533",191,NA,0,3,1,1,0,1
"534",185,74,1,14,4,0,1,0
"535",230,66,0,7,1,1,0,1
"536",184,75,1,14,2,0,1,0
"537",132,65,0,13,5,0,1,0
"538",220,67,0,12,1,0,1,0
"539",150,63,0,4,2,0,0,1
"540",185,67,1,12,5,0,1,0
"541",170,63,0,12,1,0,1,0
"542",105,57,0,11,1,0,1,0
"543",NA,64,0,13,1,0,0,1
"544",176,64,0,11,1,0,1,0
"545",265,63,0,11,3,1,0,1
"546",168,61,0,12,3,0,1,0
"547",185,67,0,12,2,0,0,1
"548",165,69,1,9,1,0,1,0
"549",190,61,0,10,1,0,1,0
"550",229,66,0,11,1,0,0,1
"551",178,67,0,9,1,0,0,1
"552",330,77,1,12,2,0,1,0
"553",NA,NA,0,2,1,0,0,1
"554",200,65,0,12,2,0,1,0
"555",240,66,0,12,2,0,1,0
"556",196,72,1,15,3,0,1,0
"557",127,63,0,10,1,0,1,0
"558",137,60,0,14,2,0,1,0
"559",158,64,0,12,1,0,1,0
"560",230,62,0,9,3,1,0,1
"561",178,65,0,12,1,0,1,0
"562",183,67,1,15,1,0,1,0
"563",134,67,1,11,5,0,1,0
"564",135,65,0,10,2,0,1,0
"565",180,68,1,0,2,1,0,1
"566",160,69,0,8,2,1,0,1
"567",197,68,1,10,1,0,1,0
"568",120,63,0,8,1,0,1,0
"569",176,65,0,12,5,1,0,1
"570",153,71,1,12,3,0,0,1
"571",190,72,1,17,4,0,1,0
"572",200,71,1,10,2,0,1,0
"573",126,65,0,14,3,0,0,0
"574",175,73,1,16,5,0,1,0
"575",160,66,0,11,3,1,0,1
"576",101,62,0,14,1,0,1,0
"577",175,67,1,13,5,0,1,0
"578",168,70,1,12,5,0,1,0
"579",160,70,1,13,4,0,1,0
"580",138,62,0,16,2,0,1,0
"581",185,69,1,16,5,0,1,0
"582",142,71,1,13,3,0,1,0
"583",121,61,0,14,3,1,0,1
"584",165,71,1,10,5,0,0,1
"585",180,65,0,7,1,0,0,1
"586",110,64,0,16,5,0,1,0
"587",130,65,0,12,2,0,1,0
"588",122,63,0,12,5,0,1,0
"589",170,67,1,15,5,0,0,1
"590",145,63,0,13,3,0,1,0
"591",210,63,0,12,1,0,0,1
"592",165,61,0,11,4,0,0,1
"593",145,71,1,14,4,0,0,1
"594",144,65,0,17,1,0,1,0
"595",170,66,0,17,1,0,1,0
"596",180,69,1,14,4,0,0,0
"597",215,71,0,12,3,0,0,1
"598",140,67,0,9,3,0,0,1
"599",154,66,1,8,2,0,0,0
"600",120,69,1,8,1,0,1,0
"601",180,71,1,12,5,0,1,0
"602",NA,67,0,10,1,0,1,0
"603",220,66,1,14,3,0,1,0
"604",120,NA,0,11,1,0,1,0
"605",135,68,1,8,1,0,1,0
"606",118,62,0,11,1,0,1,0
"607",185,73,1,14,5,0,1,0
"608",140,69,1,16,2,0,0,1
"609",220,72,1,14,2,0,1,0
"610",170,67,0,14,4,0,1,0
"611",240,72,1,13,2,0,0,1
"612",181,62,0,8,4,0,1,0
"613",155,67,1,12,4,0,1,0
"614",165,67,0,12,5,0,0,1
"615",165,63,0,4,5,0,1,0
"616",NA,65,0,12,1,0,1,0
"617",135,65,0,7,3,0,0,1
"618",180,66,0,12,3,0,0,1
"619",125,62,0,12,3,0,0,1
"620",120,64,0,14,3,0,1,0
"621",180,66,0,12,4,0,1,0
"622",130,64,0,8,1,0,1,0
"623",165,63,0,12,3,0,1,0
"624",103,62,0,16,3,0,1,0
"625",284,65,0,11,2,1,0,1
"626",232,64,0,8,3,1,0,1
"627",200,62,0,12,2,1,0,1
"628",165,61,0,8,1,0,0,1
"629",185,67,1,12,1,0,1,0
"630",165,67,0,11,3,0,1,0
"631",175,67,0,16,3,0,1,0
"632",210,67,1,14,5,0,1,0
"633",114,61,0,10,1,0,1,0
"634",156,71,1,7,1,0,1,0
"635",160,68,0,17,1,0,1,0
"636",216,69,1,9,3,0,0,1
"637",190,69,1,12,2,0,0,1
"638",165,65,1,7,1,0,0,1
"639",186,70,1,11,5,0,0,1
"640",158,66,1,7,3,0,0,1
"641",158,68,0,17,2,0,1,0
"642",110,61,0,12,4,0,1,0
"643",160,65,0,13,2,0,1,0
"644",148,65,0,12,3,0,1,0
"645",165,72,1,12,5,0,1,0
"646",160,67,0,12,4,0,0,1
"647",225,73,1,14,1,0,1,0
"648",220,NA,0,6,1,0,0,1
"649",205,75,1,12,5,0,1,0
"650",135,59,0,12,3,0,0,1
"651",149,63,0,13,5,0,1,0
"652",100,62,0,17,2,0,1,0
"653",92,NA,0,14,1,0,1,0
"654",275,74,1,13,4,0,1,0
"655",150,65,0,12,2,0,1,0
"656",160,66,1,5,3,0,1,0
"657",130,65,0,12,1,0,1,0
"658",140,67,1,15,4,0,1,0
"659",160,67,0,12,4,0,0,0
"660",180,69,1,11,1,1,1,0
"661",156,66,0,9,4,0,1,0
"662",129,57,0,8,2,1,1,0
"663",155,66,0,16,2,0,1,0
"664",213,65,0,12,2,0,1,0
"665",190,71,1,12,3,0,1,0
"666",112,60,0,10,1,0,1,0
"667",165,71,1,8,3,0,1,0
"668",170,64,0,8,4,0,1,0
"669",145,62,0,9,1,0,1,0
"670",200,73,1,8,3,0,0,1
"671",156,62,0,10,1,0,1,0
"672",139,65,0,17,2,0,1,0
"673",115,61,0,15,2,0,1,0
"674",170,66,0,12,3,0,1,0
"675",170,65,0,8,1,0,1,0
"676",127,67,0,17,5,0,1,0
"677",202,68,1,16,3,0,1,0
"678",175,63,0,12,5,0,1,0
"679",160,63,0,17,1,0,0,1
"680",210,71,0,16,1,0,0,1
"681",170,70,1,12,1,0,0,1
"682",125,61,0,10,3,1,1,0
"683",147,60,0,12,3,0,0,0
"684",108,69,0,9,1,1,1,0
"685",160,71,1,12,5,0,1,0
"686",104,64,0,14,1,0,1,0
"687",170,67,1,12,1,0,1,0
"688",188,71,1,14,4,0,1,0
"689",225,67,0,12,3,0,1,0
"690",207,66,0,8,1,0,0,1
"691",115,62,0,14,3,0,1,0
"692",187,75,1,16,5,0,1,0
"693",108,60,0,12,3,0,1,0
"694",150,67,0,6,3,0,1,0
"695",200,62,0,13,1,0,1,0
"696",240,65,0,6,4,0,0,1
"697",136,62,0,6,3,1,0,1
"698",117,61,0,12,5,0,1,0
"699",198,66,0,16,3,0,1,0
"700",155,67,1,12,1,0,1,0
"701",192,63,0,15,4,0,1,0
"702",150,67,0,17,4,0,1,0
"703",150,66,0,9,3,0,1,0
"704",101,63,0,16,4,0,1,0
"705",130,66,0,12,3,0,1,0
"706",161,62,0,12,5,0,0,1
"707",221,66,0,12,3,1,0,1
"708",145,67,0,12,1,0,0,1
"709",175,67,0,14,1,0,1,0
"710",185,61,0,3,1,0,0,1
"711",178,70,0,12,1,0,1,0
"712",165,62,1,12,1,0,0,0
"713",128,60,0,10,1,0,1,0
"714",135,68,0,16,1,0,1,0
"715",140,68,1,17,4,0,1,0
"716",155,66,0,11,4,0,1,0
"717",140,64,0,14,1,0,1,0
"718",210,59,0,12,1,0,0,1
"719",125,60,0,12,5,0,1,0
"720",170,65,0,12,3,0,1,0
"721",120,64,0,14,3,0,0,1
"722",180,59,0,4,1,0,0,1
"723",145,60,0,6,2,0,1,0
"724",86,56,0,7,1,0,1,0
"725",154,67,0,12,1,0,0,1
"726",107,63,0,8,1,0,1,0
"727",122,64,0,14,4,0,1,0
"728",170,67,1,11,3,0,0,1
"729",170,69,1,16,3,0,0,0
"730",175,66,1,9,1,0,1,0
"731",195,69,1,13,5,0,0,1
"732",145,66,0,12,4,0,0,1
"733",135,61,0,12,5,0,1,0
"734",165,67,0,13,3,0,1,0
"735",160,68,0,12,5,0,1,0
"736",109,61,0,13,5,0,1,0
"737",170,68,1,14,5,0,1,0
"738",98,62,0,8,1,0,1,0
"739",195,66,0,16,2,0,1,0
"740",170,66,1,12,4,0,1,0
"741",150,67,0,9,2,1,1,0
"742",175,71,1,14,5,0,1,0
"743",135,70,1,14,1,0,1,0
"744",112,60,0,13,2,0,1,0
"745",275,76,1,16,4,0,1,0
"746",145,64,0,12,3,0,1,0
"747",155,71,1,17,2,0,0,1
"748",155,67,0,8,1,0,1,0
"749",130,64,0,17,2,0,0,0
"750",150,62,0,12,3,0,1,0
"751",166,63,0,6,3,0,0,1
"752",160,66,1,12,4,0,0,1
"753",115,66,0,12,3,0,0,0
"754",105,59,0,10,1,0,1,0
"755",182,69,0,6,1,0,1,0
"756",120,66,0,12,3,0,0,1
"757",159,64,1,10,3,0,1,0
"758",120,64,0,12,4,0,1,0
"759",218,72,1,12,3,0,1,0
"760",160,68,0,14,2,0,1,0
"761",106,64,0,10,4,0,1,0
"762",170,72,1,12,2,0,1,0
"763",130,NA,0,8,1,0,1,0
"764",135,64,0,12,3,0,1,0
"765",190,65,0,8,1,0,1,0
"766",140,64,0,12,5,0,1,0
"767",180,63,0,4,1,1,1,0
"768",135,70,0,16,5,0,1,0
"769",165,74,1,12,1,0,1,0
"770",180,74,1,4,3,0,1,0
"771",170,67,0,7,2,0,0,1
"772",165,66,1,12,2,1,1,0
"773",159,63,0,12,3,0,0,1
"774",160,65,1,10,2,0,1,0
"775",180,73,1,9,1,0,0,1
"776",130,64,0,17,5,0,1,0
"777",180,71,1,14,1,0,1,0
"778",160,70,1,16,5,0,1,0
"779",125,61,0,8,2,0,1,0
"780",180,69,1,12,4,0,1,0
"781",165,71,1,11,5,0,1,0
"782",135,65,0,16,2,0,1,0
"783",205,70,0,13,2,0,1,0
"784",275,74,1,10,3,0,1,0
"785",175,63,1,9,3,0,0,0
"786",155,61,0,12,3,0,1,0
"787",155,72,1,13,4,0,1,0
"788",122,62,0,12,3,0,1,0
"789",156,69,1,11,1,0,0,1
"790",180,71,1,8,2,0,1,0
"791",223,67,0,12,1,0,1,0
"792",200,64,0,6,1,0,0,1
"793",180,71,1,12,1,0,0,1
"794",220,74,1,12,2,0,1,0
"795",146,62,0,10,3,1,0,1
"796",NA,66,1,3,1,0,0,1
"797",220,67,0,12,1,0,0,1
"798",136,62,0,8,1,0,0,1
"799",172,70,1,12,3,0,1,0
"800",115,69,0,13,3,0,0,1
"801",135,64,0,8,2,0,1,0
"802",187,72,1,6,1,0,0,0
"803",185,69,1,12,3,0,1,0
"804",118,68,0,17,5,0,1,0
"805",117,65,0,10,3,0,1,0
"806",170,75,1,16,3,0,1,0
"807",135,69,0,17,3,0,1,0
"808",160,64,0,10,1,0,1,0
"809",170,69,0,12,4,0,1,0
"810",190,72,1,14,1,0,1,0
"811",154,65,1,13,2,0,1,0
"812",114,71,1,15,5,0,1,0
"813",155,62,0,8,1,1,0,1
"814",135,66,0,16,1,0,1,0
"815",197,69,0,12,1,0,0,1
"816",204,65,0,14,1,0,1,0
"817",210,73,1,14,2,0,1,0
"818",151,61,0,8,1,0,1,0
"819",130,64,0,17,1,0,1,0
"820",170,65,0,10,5,0,0,1
"821",170,72,1,10,2,0,0,1
"822",171,66,0,12,1,0,0,1
"823",118,66,0,7,3,0,0,1
"824",135,64,0,6,3,0,1,0
"825",130,60,0,15,3,1,0,0
"826",100,62,0,12,3,1,0,1
"827",205,73,1,13,4,0,0,1
"828",160,62,0,6,2,0,0,1
"829",123,63,0,14,4,0,0,1
"830",180,66,0,14,3,0,0,1
"831",150,61,0,12,1,0,1,0
"832",185,72,1,14,5,0,1,0
"833",114,60,0,14,3,0,1,0
"834",190,64,0,12,1,0,0,1
"835",129,66,0,10,1,1,0,1
"836",125,67,0,12,1,1,0,1
"837",200,72,0,7,2,0,0,1
"838",200,71,1,14,5,0,1,0
"839",146,72,1,4,3,0,1,0
"840",167,70,1,14,4,0,1,0
"841",170,68,1,12,2,0,1,0
"842",130,59,0,14,1,0,1,0
"843",140,61,0,12,5,0,1,0
"844",145,66,0,16,5,0,1,0
"845",123,67,0,16,3,0,1,0
"846",120,62,0,10,1,0,0,1
"847",140,60,0,12,3,0,1,0
"848",140,64,0,12,5,1,0,1
"849",128,62,0,10,3,0,1,0
"850",235,72,1,10,5,0,1,0
"851",130,62,0,9,1,0,1,0
"852",166,65,0,17,1,0,0,1
"853",140,67,0,12,3,0,1,0
"854",156,70,1,12,1,0,1,0
"855",196,67,1,12,3,0,0,1
"856",200,66,0,17,3,0,1,0
"857",195,64,0,11,2,0,1,0
"858",100,61,0,11,4,0,1,0
"859",117,61,0,13,3,1,1,0
"860",116,64,0,12,1,0,1,0
"861",165,71,1,14,5,0,1,0
"862",105,61,0,17,2,0,0,1
"863",155,66,0,12,2,0,1,0
"864",120,63,0,16,2,0,1,0
"865",145,66,0,4,1,0,0,1
"866",160,65,0,10,4,0,0,0
"867",180,65,0,12,3,0,0,1
"868",185,70,1,16,5,0,1,0
"869",150,69,1,12,3,0,1,0
"870",130,64,0,7,5,0,0,1
"871",245,75,1,14,5,0,0,1
"872",228,71,1,9,3,0,1,0
"873",137,NA,0,5,1,0,0,1
"874",120,65,0,17,4,0,1,0
"875",226,69,1,1,3,0,0,1
"876",155,68,0,12,5,0,1,0
"877",140,63,0,7,5,1,0,1
"878",190,65,1,8,5,0,1,0
"879",130,65,0,13,4,0,0,1
"880",152,72,1,12,5,0,1,0
"881",150,69,1,12,4,0,1,0
"882",165,64,0,9,3,0,1,0
"883",178,72,1,9,1,0,1,0
"884",145,61,0,8,1,0,1,0
"885",155,68,0,14,3,0,0,1
"886",158,61,0,12,4,0,1,0
"887",117,65,0,16,3,0,1,0
"888",250,72,1,8,5,0,0,1
"889",136,63,0,12,3,0,1,0
"890",137,61,0,12,5,0,1,0
"891",150,63,0,12,5,1,1,0
"892",123,64,0,17,4,0,1,0
"893",164,62,0,12,4,0,1,0
"894",170,64,0,9,3,0,1,0
"895",135,61,0,12,5,0,1,0
"896",170,71,1,14,4,0,1,0
"897",162,62,0,13,3,0,1,0
"898",180,74,1,16,5,0,1,0
"899",150,62,0,16,3,0,1,0
"900",175,68,0,12,2,0,1,0
"901",205,73,1,16,3,0,1,0
"902",155,67,1,14,3,1,0,1
"903",174,74,1,5,1,0,0,1
"904",208,70,0,7,2,0,0,1
"905",148,65,0,13,4,0,1,0
"906",155,67,0,16,2,0,1,0
"907",180,65,0,12,3,0,0,1
"908",146,71,1,14,3,0,1,0
"909",180,67,1,12,2,0,0,1
"910",140,64,0,6,2,1,0,1
"911",154,NA,0,6,1,0,0,1
"912",160,64,0,12,2,0,0,1
"913",148,64,0,12,1,0,1,0
"914",200,60,0,16,1,0,0,1
"915",153,63,0,7,1,0,0,1
"916",170,71,1,15,5,0,1,0
"917",198,71,1,10,1,0,0,1
"918",111,69,0,12,1,0,1,0
"919",190,71,1,16,2,0,1,0
"920",142,67,0,14,3,0,1,0
"921",194,73,1,13,3,0,1,0
"922",180,63,1,2,1,1,0,0
"923",98,62,0,7,2,0,1,0
"924",155,62,0,12,2,0,1,0
"925",167,64,0,10,3,1,0,1
"926",147,67,0,0,1,0,0,1
"927",105,62,0,13,2,1,0,1
"928",184,67,1,17,2,0,1,0
"929",260,77,1,14,3,0,0,0
"930",128,67,0,14,1,0,0,1
"931",180,63,0,9,2,1,0,1
"932",125,59,0,12,3,1,0,1
"933",190,65,0,14,1,0,1,0
"934",174,71,1,7,1,0,1,0
"935",163,62,0,12,4,0,1,0
"936",200,65,0,14,5,0,0,1
"937",185,66,1,12,5,0,0,1
"938",162,63,0,12,5,0,1,0
"939",200,70,1,16,4,0,1,0
"940",120,63,0,12,1,0,1,0
"941",190,68,0,10,1,0,1,0
"942",259,62,0,12,1,0,0,1
"943",195,65,0,14,4,0,0,1
"944",159,68,0,11,5,0,1,0
"945",184,76,1,17,3,0,0,1
"946",108,64,0,12,5,1,1,0
"947",140,64,0,6,1,0,0,0
"948",155,74,1,8,2,0,0,1
"949",184,66,0,5,2,0,0,1
"950",158,67,0,9,3,0,0,1
"951",225,70,1,17,5,0,1,0
"952",168,70,1,15,4,0,1,0
"953",136,65,0,15,5,0,0,1
"954",135,66,0,9,1,1,0,1
"955",135,64,0,9,1,0,1,0
"956",135,66,0,12,2,0,1,0
"957",200,64,0,8,3,0,1,0
"958",210,64,0,10,5,0,1,0
"959",245,71,1,11,1,1,0,1
"960",130,64,0,16,2,0,1,0
"961",115,68,0,5,2,0,1,0
"962",160,65,0,6,2,0,0,1
"963",180,62,0,9,1,0,0,1
"964",120,64,0,14,1,0,0,1
"965",350,73,1,6,1,0,0,1
"966",130,63,0,12,3,0,1,0
"967",155,64,1,11,4,0,1,0
"968",163,66,0,9,2,0,0,1
"969",180,69,1,15,1,0,0,1
"970",115,61,0,17,4,0,1,0
"971",150,66,1,12,5,0,1,0
"972",134,64,0,17,5,0,1,0
"973",121,62,0,14,3,0,1,0
"974",165,71,1,17,2,0,0,0
"975",229,72,1,8,1,0,0,1
"976",150,61,0,14,4,0,1,0
"977",218,70,1,12,3,0,1,0
"978",123,66,0,13,3,0,1,0
"979",220,71,1,12,4,0,1,0
"980",110,60,0,13,3,0,0,0
"981",180,72,1,12,4,0,1,0
"982",140,69,1,12,4,0,0,1
"983",112,60,0,5,3,0,0,1
"984",165,61,0,9,2,0,0,1
"985",135,67,1,13,5,0,0,1
"986",219,70,0,8,1,1,1,0
"987",125,67,0,12,5,0,0,1
"988",185,68,1,8,1,1,1,0
"989",187,63,0,12,2,0,1,0
"990",158,68,1,8,1,0,1,0
"991",170,63,0,4,2,0,0,1
"992",172,60,0,7,1,0,0,1
"993",137,63,0,8,1,0,1,0
"994",170,66,0,12,2,0,1,0
"995",220,70,1,17,3,0,1,0
"996",144,69,1,14,4,0,1,0
"997",150,65,0,12,1,0,1,0
"998",180,73,1,12,1,0,1,0
"999",172,60,0,6,1,0,0,1
"1000",216,70,1,14,1,0,1,0
"1001",215,60,0,12,3,0,1,0
"1002",138,62,0,12,1,0,1,0
"1003",NA,66,0,14,1,0,1,0
"1004",154,60,0,12,4,0,1,0
"1005",158,65,0,10,3,0,1,0
"1006",155,68,1,8,3,0,1,0
"1007",220,66,1,12,3,0,1,0
"1008",180,71,1,14,2,0,1,0
"1009",130,61,0,12,1,0,1,0
"1010",135,65,0,16,2,0,1,0
"1011",132,65,0,13,2,0,1,0
"1012",170,67,0,14,4,0,1,0
"1013",135,66,0,17,5,0,1,0
"1014",183,70,1,9,5,0,1,0
"1015",169,67,0,13,1,0,0,1
"1016",200,71,1,13,4,0,1,0
"1017",180,67,0,12,1,0,1,0
"1018",137,63,0,8,4,0,1,0
"1019",108,60,0,12,4,0,1,0
"1020",124,67,0,16,3,0,0,0
"1021",165,71,1,16,5,0,1,0
"1022",110,67,0,13,3,0,1,0
"1023",145,62,0,12,1,0,1,0
"1024",190,74,1,17,5,0,0,1
"1025",160,67,0,9,2,0,0,0
"1026",218,73,1,10,3,1,1,0
"1027",144,63,0,11,3,0,0,1
"1028",178,68,0,12,5,0,0,1
"1029",149,66,1,8,1,0,0,1
"1030",150,62,0,12,3,0,1,0
"1031",165,71,1,12,4,0,1,0
"1032",107,63,0,13,5,1,1,0
"1033",177,65,0,9,3,0,1,0
"1034",160,71,1,10,3,0,1,0
"1035",190,74,1,12,2,0,0,1
"1036",150,71,1,12,1,0,1,0
"1037",115,62,0,16,4,0,1,0
"1038",180,62,0,12,1,0,0,1
"1039",195,71,1,15,5,0,1,0
"1040",130,61,0,17,5,0,1,0
"1041",170,69,0,17,5,0,1,0
"1042",189,69,0,14,1,0,1,0
"1043",125,62,0,12,4,0,1,0
"1044",170,72,0,16,1,0,1,0
"1045",190,69,0,11,3,0,1,0
"1046",112,61,0,12,1,0,1,0
"1047",195,68,0,8,2,0,1,0
"1048",133,62,0,12,3,0,1,0
"1049",140,68,0,17,3,0,0,0
"1050",135,65,0,13,3,0,0,1
"1051",130,65,0,15,3,0,0,1
"1052",155,69,0,10,1,0,1,0
"1053",245,71,1,17,4,0,1,0
"1054",175,67,0,12,3,0,0,1
"1055",185,73,1,9,2,0,1,0
"1056",125,62,0,15,3,0,0,1
"1057",138,65,0,12,4,0,0,1
"1058",243,67,1,12,3,0,0,1
"1059",128,70,0,12,3,0,0,1
"1060",260,74,0,12,3,1,0,1
"1061",125,64,0,9,5,0,1,0
"1062",140,67,0,16,5,0,1,0
"1063",140,61,0,11,2,0,1,0
"1064",140,68,1,7,1,0,0,1
"1065",165,68,0,10,2,1,0,1
"1066",120,63,0,8,5,0,1,0
"1067",230,67,0,17,4,0,0,1
"1068",205,65,0,11,3,0,0,1
"1069",116,NA,0,8,3,1,0,1
"1070",130,55,1,4,3,0,0,1
"1071",291,69,0,7,1,1,0,1
"1072",178,63,0,8,3,0,1,0
"1073",165,63,0,12,4,0,0,1
"1074",136,63,0,14,3,0,0,0
"1075",155,69,1,16,2,0,1,0
"1076",138,65,1,12,3,0,1,0
"1077",145,66,0,12,3,0,1,0
"1078",190,64,0,8,1,0,1,0
"1079",165,63,0,12,1,0,1,0
"1080",175,73,1,12,2,0,1,0
"1081",180,63,0,10,3,0,0,1
"1082",160,65,0,12,2,0,0,0
"1083",190,72,1,16,1,0,1,0
"1084",130,64,0,11,1,0,1,0
"1085",128,64,0,17,4,0,1,0
"1086",165,69,1,11,1,0,1,0
"1087",112,64,0,15,4,0,1,0
"1088",126,63,0,12,1,0,1,0
"1089",125,65,0,13,2,0,1,0
"1090",139,65,0,12,2,0,0,1
"1091",90,62,0,12,1,0,1,0
"1092",146,63,0,11,4,0,1,0
"1093",122,68,1,12,3,0,1,0
"1094",196,65,0,12,5,0,1,0
"1095",137,64,1,13,1,0,1,0
"1096",190,61,1,17,3,0,1,0
"1097",130,66,0,13,1,0,0,0
"1098",178,71,1,12,3,0,1,0
"1099",192,69,0,11,2,1,0,1
"1100",160,64,0,6,3,0,0,0
"1101",102,63,0,12,2,0,1,0
"1102",145,67,0,13,2,0,1,0
"1103",145,61,0,9,5,0,1,0
"1104",175,72,1,12,3,0,1,0
"1105",215,72,1,8,1,0,1,0
"1106",105,62,0,12,2,0,1,0
"1107",220,73,1,12,3,0,0,1
"1108",135,65,0,11,2,0,1,0
"1109",132,59,0,11,2,0,1,0
"1110",200,69,1,16,3,0,1,0
"1111",132,60,0,14,4,0,1,0
"1112",160,70,1,12,5,0,1,0
"1113",230,68,0,12,3,0,1,0
"1114",160,65,0,13,4,0,1,0
"1115",196,77,1,12,3,0,0,1
"1116",200,65,0,8,3,0,0,1
"1117",145,67,1,12,3,0,1,0
"1118",121,67,0,10,1,0,0,1
"1119",130,66,1,14,5,0,1,0
"1120",167,63,1,8,1,0,0,1
"1121",119,64,1,8,1,0,0,0
"1122",143,60,0,9,1,0,0,1
"1123",160,65,0,16,4,0,1,0
"1124",180,72,1,16,3,0,1,0
"1125",140,67,0,14,3,0,1,0
"1126",180,71,1,12,5,0,0,1
"1127",134,68,1,14,4,0,0,0
"1128",175,76,1,13,2,0,0,1
"1129",139,60,0,8,3,0,1,0
"1130",140,61,0,8,1,0,1,0
"1131",160,65,0,12,1,0,1,0
"1132",165,68,1,12,5,0,1,0
"1133",145,65,0,12,4,0,1,0
"1134",220,75,1,16,2,0,1,0
"1135",133,65,0,13,1,0,1,0
"1136",111,63,0,8,5,0,1,0
"1137",170,68,1,7,1,0,0,1
"1138",210,60,0,13,3,0,0,1
"1139",NA,67,1,14,3,0,1,0
"1140",135,67,1,11,3,1,0,1
"1141",225,72,1,12,2,0,1,0
"1142",204,65,0,11,4,1,0,1
"1143",133,63,0,12,1,0,1,0
"1144",200,69,0,11,3,1,0,1
"1145",125,62,0,14,2,0,1,0
"1146",130,62,0,17,5,0,0,1
"1147",144,66,1,8,5,0,0,0
"1148",160,69,1,11,1,0,1,0
"1149",170,68,1,2,4,0,0,1
"1150",170,66,1,13,4,0,0,1
"1151",115,63,0,15,5,0,1,0
"1152",145,65,0,13,5,0,1,0
"1153",200,64,0,17,5,0,1,0
"1154",185,69,0,14,2,0,0,1
"1155",210,63,0,3,1,0,0,1
"1156",180,62,0,10,2,0,1,0
"1157",160,69,1,12,2,0,1,0
"1158",140,65,0,14,5,0,1,0
"1159",140,65,0,12,1,0,1,0
"1160",145,67,1,16,4,0,1,0
"1161",115,62,0,12,1,0,0,1
"1162",154,63,0,12,2,0,1,0
"1163",125,59,0,16,3,0,1,0
"1164",185,71,1,8,4,0,1,0
"1165",120,63,0,12,2,0,1,0
"1166",165,65,0,16,2,0,1,0
"1167",145,69,1,17,5,0,1,0
"1168",99,57,0,9,1,0,1,0
"1169",104,63,0,16,4,0,1,0
"1170",175,71,1,10,3,0,1,0
"1171",160,63,0,7,1,1,0,0
"1172",140,62,0,10,1,0,1,0
"1173",160,68,1,14,3,0,0,1
"1174",120,64,0,14,2,0,1,0
"1175",185,71,1,12,3,0,1,0
"1176",94,56,0,5,1,0,1,0
"1177",191,68,1,9,3,0,0,1
"1178",190,70,0,8,5,0,0,1
"1179",197,69,1,3,4,0,0,1
"1180",240,71,1,14,4,0,0,1
"1181",147,67,0,10,2,0,0,1
"1182",150,64,0,5,3,0,0,1
"1183",200,74,1,12,4,0,1,0
"1184",130,64,0,14,3,0,1,0
"1185",180,70,1,14,1,0,1,0
"1186",150,66,1,13,4,0,1,0
"1187",157,64,0,12,3,0,1,0
"1188",137,62,0,14,3,0,1,0
"1189",118,63,0,14,1,0,1,0
"1190",160,65,0,13,2,0,1,0
"1191",182,70,1,15,4,0,1,0
"1192",138,63,0,12,5,0,1,0
"1193",125,61,0,8,3,0,1,0
"1194",130,65,0,14,5,0,1,0
"1195",160,64,0,12,5,0,1,0
"1196",145,62,0,12,1,0,1,0
"1197",145,68,0,13,4,0,1,0
"1198",192,66,1,13,2,0,1,0
"1199",225,66,0,15,1,0,1,0
"1200",132,66,0,17,5,0,1,0
"1201",150,71,1,12,5,0,1,0
"1202",150,63,0,16,3,0,0,1
"1203",195,73,1,14,1,0,1,0
"1204",134,66,0,13,5,0,1,0
"1205",125,63,1,9,1,0,0,1
"1206",145,63,0,12,5,0,1,0
"1207",184,64,0,10,5,0,1,0
"1208",140,63,0,12,5,0,0,1
"1209",150,60,0,13,3,0,0,1
"1210",156,69,1,9,3,0,0,1
"1211",162,70,1,15,1,0,1,0
"1212",278,71,0,9,3,1,0,1
"1213",142,65,0,13,5,0,1,0
"1214",155,63,0,8,3,0,1,0
"1215",112,61,1,6,3,0,0,1
"1216",160,63,0,8,3,0,0,1
"1217",143,68,1,2,1,0,0,0
"1218",210,69,1,13,1,0,1,0
"1219",190,67,1,12,5,0,0,1
"1220",155,67,1,13,3,0,0,1
"1221",135,64,1,14,1,0,0,0
"1222",170,66,1,17,5,0,1,0
"1223",190,72,1,16,2,0,1,0
"1224",160,62,0,15,3,0,1,0
"1225",175,67,0,11,3,0,1,0
"1226",135,62,0,12,3,0,1,0
"1227",142,62,0,1,2,0,1,0
"1228",185,65,1,10,3,0,0,1
"1229",145,63,0,6,1,0,0,1
"1230",130,61,0,12,1,0,0,1
"1231",168,63,1,0,1,0,0,1
"1232",130,64,0,16,1,0,0,0
"1233",135,65,0,16,2,0,1,0
"1234",133,63,0,8,1,0,0,1
"1235",123,65,0,12,1,0,0,1
"1236",132,66,1,17,5,0,1,0
"1237",175,67,1,13,1,0,1,0
"1238",180,69,0,7,1,0,0,1
"1239",140,60,0,8,2,0,0,1
"1240",185,69,1,10,2,0,1,0
"1241",145,67,0,12,1,0,0,1
"1242",190,71,1,12,5,0,1,0
"1243",168,66,1,12,3,0,0,1
"1244",124,61,0,8,1,0,1,0
"1245",140,65,0,12,3,0,1,0
"1246",163,67,0,11,3,0,0,1
"1247",170,63,1,7,3,0,0,1
"1248",190,67,1,17,2,0,0,1
"1249",NA,NA,0,16,1,0,1,0
"1250",110,60,0,10,2,0,1,0
"1251",165,74,1,6,2,0,1,0
"1252",136,64,1,12,2,0,0,1
"1253",214,62,1,16,3,0,1,0
"1254",125,62,0,17,4,0,1,0
"1255",200,70,1,17,5,0,1,0
"1256",190,71,0,16,1,0,1,0
"1257",140,60,0,11,4,0,0,1
"1258",136,63,0,10,3,0,0,1
"1259",155,63,0,14,5,0,1,0
"1260",165,64,0,13,3,0,1,0
"1261",170,66,0,9,2,0,1,0
"1262",168,62,0,14,1,0,1,0
"1263",157,64,0,9,3,0,1,0
"1264",140,70,1,12,1,0,1,0
"1265",119,60,0,12,4,0,1,0
"1266",98,63,0,12,1,0,1,0
"1267",170,64,0,12,1,0,0,1
"1268",130,66,0,16,3,0,0,1
"1269",154,59,0,9,3,0,0,1
"1270",223,66,0,9,2,0,0,1
"1271",93,61,0,12,1,0,1,0
"1272",128,66,0,15,3,0,1,0
"1273",180,67,0,10,1,0,1,0
"1274",330,69,0,9,3,0,0,1
"1275",215,72,1,14,3,0,0,1
"1276",165,69,1,12,5,0,1,0
"1277",215,71,1,8,2,0,1,0
"1278",167,66,1,12,1,0,1,0
"1279",160,66,1,12,5,0,1,0
"1280",150,65,0,14,1,0,0,1
"1281",154,71,1,12,2,0,0,1
"1282",190,61,0,8,2,0,1,0
"1283",177,68,1,14,5,0,1,0
"1284",185,70,1,14,4,0,1,0
"1285",135,63,0,12,2,0,1,0
"1286",168,69,1,12,1,0,1,0
"1287",120,61,0,12,4,0,1,0
"1288",157,62,0,12,1,0,1,0
"1289",210,66,0,10,1,0,0,1
"1290",155,58,0,12,1,0,0,1
"1291",220,67,1,11,2,0,0,1
"1292",212,66,1,7,1,0,0,0
"1293",126,63,0,6,1,0,0,0
"1294",185,67,1,4,2,0,0,0
"1295",NA,62,0,12,1,0,1,0
"1296",160,62,0,8,1,0,1,0
"1297",188,63,0,12,1,0,1,0
"1298",155,67,0,14,3,0,1,0
"1299",225,66,0,7,1,0,0,1
"1300",165,66,1,3,3,0,0,1
"1301",228,73,1,9,4,0,0,1
"1302",217,65,0,10,2,0,0,1
"1303",187,64,0,14,3,0,0,1
"1304",195,69,1,12,3,0,1,0
"1305",200,62,0,13,1,0,1,0
"1306",133,64,0,15,5,0,1,0
"1307",125,64,0,12,5,0,1,0
"1308",190,73,1,12,1,0,1,0
"1309",220,67,0,6,5,0,0,1
"1310",240,73,1,13,5,0,1,0
"1311",165,66,1,14,3,0,1,0
"1312",180,67,0,10,5,0,1,0
"1313",135,64,0,9,5,0,1,0
"1314",163,75,1,15,3,0,1,0
"1315",154,65,0,12,3,0,1,0
"1316",115,60,0,12,2,0,1,0
"1317",NA,66,0,14,3,0,0,1
"1318",205,71,1,11,3,0,1,0
"1319",150,63,0,13,1,0,1,0
"1320",140,61,0,8,1,0,1,0
"1321",164,66,1,13,5,0,1,0
"1322",126,67,0,12,5,0,1,0
"1323",165,71,0,10,3,0,1,0
"1324",140,65,0,6,4,0,1,0
"1325",135,61,0,11,3,0,0,1
"1326",137,66,0,7,2,1,0,1
"1327",190,68,0,9,2,0,1,0
"1328",135,64,0,11,3,1,1,0
"1329",170,71,1,12,4,0,1,0
"1330",165,60,0,14,1,0,1,0
"1331",150,69,1,12,3,0,0,0
"1332",165,69,1,16,3,0,1,0
"1333",120,63,0,15,3,0,0,1
"1334",230,68,0,12,3,0,1,0
"1335",110,61,0,16,3,0,1,0
"1336",135,68,0,17,3,0,0,1
"1337",192,74,1,12,2,0,0,1
"1338",197,77,1,12,5,0,1,0
"1339",160,65,0,17,2,0,1,0
"1340",137,66,1,11,4,0,0,0
"1341",130,63,0,4,1,0,1,0
"1342",140,62,0,10,5,0,1,0
"1343",140,67,0,17,5,0,1,0
"1344",150,64,0,12,3,0,1,0
"1345",NA,66,0,13,3,0,1,0
"1346",160,65,0,9,2,0,1,0
"1347",120,65,0,17,5,0,1,0
"1348",155,62,0,14,4,0,1,0
"1349",120,62,0,13,1,0,1,0
"1350",140,62,0,12,1,0,1,0
"1351",145,67,1,12,5,0,0,0
"1352",150,60,0,13,1,0,1,0
"1353",150,69,1,17,3,0,1,0
"1354",155,65,0,14,1,0,1,0
"1355",150,65,0,14,2,0,1,0
"1356",165,70,1,7,3,0,1,0
"1357",200,65,0,11,1,0,1,0
"1358",120,NA,0,2,2,0,0,1
"1359",131,64,1,3,1,0,0,1
"1360",136,68,1,4,1,0,1,0
"1361",225,66,0,14,4,0,1,0
"1362",150,62,0,3,3,0,0,1
"1363",139,59,0,17,5,0,0,1
"1364",190,71,0,11,1,0,0,1
"1365",127,63,0,12,3,0,0,1
"1366",200,65,0,12,5,0,0,1
"1367",224,72,1,12,4,0,0,1
"1368",195,62,0,14,1,0,0,1
"1369",135,69,1,8,1,0,0,1
"1370",135,65,0,3,1,0,0,1
"1371",112,64,0,15,1,0,0,1
"1372",160,68,0,13,2,0,0,1
"1373",115,61,0,9,1,0,1,0
"1374",150,66,1,15,2,0,0,1
"1375",157,67,0,8,3,0,0,1
"1376",146,63,0,7,3,0,0,1
"1377",140,70,1,11,1,0,0,1
"1378",103,61,0,12,1,0,1,0
"1379",138,65,0,17,4,0,1,0
"1380",210,72,1,12,4,0,1,0
"1381",180,64,0,8,1,0,0,1
"1382",177,67,1,15,2,0,1,0
"1383",160,71,1,16,4,0,1,0
"1384",163,65,0,9,1,1,0,1
"1385",137,67,0,0,3,0,1,0
"1386",120,62,0,12,1,0,1,0
"1387",140,62,0,8,3,0,1,0
"1388",190,62,0,11,1,0,0,1
"1389",165,64,0,12,1,0,0,1
"1390",270,75,1,12,3,0,0,1
"1391",162,63,0,9,1,0,1,0
"1392",120,62,0,17,3,0,1,0
"1393",120,62,0,12,3,0,1,0
"1394",NA,65,0,8,2,0,0,1
"1395",NA,61,0,17,5,0,0,1
"1396",135,66,0,12,3,0,1,0
"1397",110,63,0,14,1,0,1,0
"1398",104,58,0,14,3,0,1,0
"1399",110,59,0,12,2,0,0,1
"1400",185,67,1,14,2,0,0,1
"1401",NA,64,0,7,1,0,0,1
"1402",212,67,0,14,3,0,1,0
"1403",160,69,1,15,2,0,0,1
"1404",192,69,0,11,1,1,0,1
"1405",150,65,0,12,5,0,1,0
"1406",158,66,0,8,1,0,1,0
"1407",215,73,1,14,4,0,0,1
"1408",168,69,0,12,5,0,1,0
"1409",110,63,0,12,3,0,0,1
"1410",164,66,0,14,1,0,0,1
"1411",150,67,1,13,4,0,1,0
"1412",138,63,0,12,3,0,1,0
"1413",204,75,1,10,1,0,1,0
"1414",130,63,0,12,3,0,1,0
"1415",136,60,0,0,1,1,0,1
"1416",190,78,1,16,4,0,1,0
"1417",153,62,0,4,4,1,0,1
"1418",122,NA,0,5,5,0,0,1
"1419",181,69,1,17,2,0,1,0
"1420",150,64,0,13,1,0,1,0
"1421",135,68,0,12,4,0,1,0
"1422",143,65,0,11,3,0,1,0
"1423",170,71,1,10,2,0,1,0
"1424",206,70,1,15,5,0,1,0
"1425",172,64,0,4,2,0,0,1
"1426",160,65,0,11,1,0,1,0
"1427",170,65,1,8,3,0,1,0
"1428",230,69,1,14,5,1,1,0
"1429",150,62,0,10,2,0,1,0
"1430",153,66,0,13,5,0,1,0
"1431",142,64,0,12,3,0,0,0
"1432",160,60,0,12,1,0,1,0
"1433",230,64,0,12,3,1,0,1
"1434",150,65,0,11,1,0,1,0
"1435",118,69,0,15,2,0,1,0
"1436",135,67,0,16,3,0,1,0
"1437",215,67,1,12,2,0,1,0
"1438",160,70,1,16,5,0,1,0
"1439",130,67,0,16,1,0,1,0
"1440",122,59,0,9,4,0,1,0
"1441",145,67,0,13,2,0,0,1
"1442",215,69,1,17,3,0,1,0
"1443",200,64,0,8,1,0,0,1
"1444",195,67,1,9,5,0,0,1
"1445",160,69,1,12,4,0,1,0
"1446",185,63,0,14,3,0,0,1
"1447",132,64,0,12,3,0,1,0
"1448",160,68,0,12,3,0,1,0
"1449",130,60,0,14,2,1,0,0
"1450",210,NA,0,2,3,0,0,0
"1451",180,66,0,12,4,0,0,0
"1452",190,NA,0,0,3,0,0,0
"1453",176,65,0,13,4,0,1,0
"1454",155,65,0,11,5,0,0,1
"1455",173,71,1,17,3,0,0,1
"1456",140,63,0,8,1,0,1,0
"1457",164,65,0,9,5,0,1,0
"1458",118,63,0,11,2,0,1,0
"1459",155,67,0,12,1,1,1,0
"1460",120,66,0,12,5,0,1,0
"1461",95,59,0,3,1,0,0,1
"1462",120,NA,0,12,1,0,0,1
"1463",238,68,0,8,1,0,0,1
"1464",118,64,0,12,3,0,1,0
"1465",142,66,0,17,1,0,0,1
"1466",160,66,1,12,3,0,1,0
"1467",100,62,0,11,1,0,1,0
"1468",192,NA,0,9,3,0,0,1
"1469",173,64,0,6,2,0,0,1
"1470",200,69,1,7,1,1,0,1
"1471",155,60,0,12,1,0,1,0
"1472",120,70,1,8,2,0,1,0
"1473",125,64,0,16,4,0,1,0
"1474",146,63,0,9,1,0,1,0
"1475",190,79,1,13,5,0,0,1
"1476",165,67,0,11,1,0,1,0
"1477",145,68,1,8,3,0,1,0
"1478",160,60,0,9,3,0,1,0
"1479",175,63,0,8,5,0,0,1
"1480",155,69,1,15,3,0,1,0
"1481",161,71,1,8,1,0,0,1
"1482",240,69,1,6,1,0,1,0
"1483",147,63,0,11,1,0,0,1
"1484",200,64,0,15,3,1,0,1
"1485",210,70,1,17,5,0,1,0
"1486",155,67,1,9,1,0,0,1
"1487",99,60,0,5,1,0,0,1
"1488",162,70,1,6,2,0,0,1
"1489",115,66,1,8,1,0,1,0
"1490",190,67,0,12,1,0,1,0
"1491",199,68,1,16,4,0,0,1
"1492",185,73,1,16,2,0,1,0
"1493",238,76,1,12,3,0,0,1
"1494",123,64,0,10,5,0,1,0
"1495",97,58,0,17,3,0,0,0
"1496",180,70,1,15,1,0,0,1
"1497",205,67,1,14,1,0,1,0
"1498",155,60,0,12,1,0,1,0
"1499",160,69,1,13,5,0,1,0
"1500",158,69,1,16,2,0,1,0
"1501",177,71,1,11,3,0,1,0
"1502",160,64,0,12,2,0,0,1
"1503",140,65,0,14,4,0,1,0
"1504",135,67,1,16,3,0,1,0
"1505",185,74,1,16,5,0,1,0
"1506",189,65,0,9,4,1,0,1
"1507",105,66,0,13,5,0,1,0
"1508",190,69,1,10,1,0,1,0
"1509",104,60,0,15,5,0,0,0
"1510",175,70,1,8,2,0,1,0
"1511",185,70,1,13,5,0,1,0
"1512",151,67,1,12,3,0,1,0
"1513",147,68,1,13,5,0,1,0
"1514",97,62,0,6,1,0,1,0
"1515",155,71,1,8,4,0,1,0
"1516",150,66,1,11,2,0,1,0
"1517",148,63,0,12,3,0,1,0
"1518",175,62,0,12,1,0,1,0
"1519",165,69,1,15,3,0,1,0
"1520",170,65,0,12,2,0,1,0
"1521",135,71,0,8,1,0,1,0
"1522",115,67,0,12,2,0,1,0
"1523",135,62,0,15,1,0,1,0
"1524",162,67,1,13,4,0,0,0
"1525",150,63,0,12,1,0,1,0
"1526",128,62,0,11,3,0,1,0
"1527",NA,60,0,12,1,0,1,0
"1528",190,71,1,12,4,0,1,0
"1529",163,66,1,14,5,0,1,0
"1530",180,67,0,5,1,0,1,0
"1531",100,59,0,8,1,0,1,0
"1532",185,69,0,9,1,1,0,1
"1533",200,63,0,11,3,1,0,1
"1534",139,60,0,9,3,0,0,1
"1535",210,72,1,3,1,0,0,1
"1536",185,65,0,11,1,0,0,1
"1537",290,70,0,14,3,1,0,1
"1538",158,63,0,12,1,0,1,0
"1539",120,66,0,12,5,0,1,0
"1540",135,69,0,12,4,0,1,0
"1541",120,65,0,12,1,0,0,0
"1542",202,64,0,10,4,0,0,1
"1543",155,65,0,12,3,0,1,0
"1544",123,64,0,12,4,0,1,0
"1545",159,66,0,7,1,0,0,1
"1546",216,64,0,1,3,0,0,1
"1547",120,63,0,13,3,0,1,0
"1548",145,64,0,6,4,0,0,1
"1549",190,64,0,9,1,0,1,0
"1550",185,NA,0,8,3,1,1,0
"1551",210,73,1,9,4,0,1,0
"1552",90,58,0,11,3,0,1,0
"1553",169,71,0,13,5,0,1,0
"1554",123,62,0,12,1,0,1,0
"1555",125,67,0,12,5,0,1,0
"1556",205,67,1,14,2,0,1,0
"1557",129,64,0,12,3,0,0,0
"1558",181,66,0,15,3,0,0,1
"1559",110,62,0,14,3,0,1,0
"1560",140,63,0,14,4,0,1,0
"1561",165,67,1,11,5,0,1,0
"1562",140,65,0,12,4,0,1,0
"1563",180,73,1,16,4,0,1,0
"1564",120,65,0,17,5,0,1,0
"1565",100,66,0,12,3,0,1,0
"1566",180,71,1,12,3,0,1,0
"1567",155,65,0,12,5,0,1,0
"1568",165,65,1,10,1,1,0,1
"1569",160,67,0,17,4,0,0,1
"1570",135,69,0,9,1,0,1,0
"1571",168,71,1,8,3,0,1,0
"1572",215,75,1,12,1,0,1,0
"1573",165,73,1,17,5,0,1,0
"1574",150,60,0,4,3,0,0,1
"1575",135,62,0,13,3,0,0,0
"1576",235,63,0,4,3,0,0,1
"1577",160,70,1,7,5,0,0,1
"1578",156,66,1,4,3,0,0,1
"1579",165,66,0,16,5,0,1,0
"1580",140,68,1,17,3,0,1,0
"1581",165,66,0,12,2,0,1,0
"1582",135,65,1,12,5,0,0,0
"1583",159,64,0,14,5,0,0,1
"1584",115,63,0,9,2,0,1,0
"1585",185,73,1,11,1,0,1,0
"1586",152,66,0,13,1,0,0,1
"1587",195,79,0,12,1,0,1,0
"1588",240,67,1,10,3,0,1,0
"1589",214,71,1,10,3,0,0,1
"1590",174,65,1,10,3,0,1,0
"1591",185,77,1,17,1,0,1,0
"1592",245,74,1,14,3,0,1,0
"1593",NA,62,0,12,3,0,1,0
"1594",124,64,0,12,4,0,1,0
"1595",178,62,0,6,3,0,0,1
"1596",180,64,0,9,4,0,0,1
"1597",165,72,1,7,4,0,1,0
"1598",150,65,1,9,1,0,1,0
"1599",110,64,0,17,4,0,1,0
"1600",125,66,0,12,1,0,1,0
"1601",135,63,0,5,1,0,0,0
"1602",160,62,0,12,2,0,1,0
"1603",180,70,1,14,5,0,0,0
"1604",120,NA,0,13,1,0,1,0
"1605",185,70,0,12,1,0,0,1
"1606",170,68,1,14,4,0,1,0
"1607",150,66,1,12,4,0,1,0
"1608",123,63,0,12,1,0,1,0
"1609",120,64,0,0,1,0,0,1
"1610",120,67,0,12,1,1,0,1
"1611",265,71,1,7,3,0,1,0
"1612",300,64,0,12,1,0,1,0
"1613",160,62,0,12,1,0,1,0
"1614",175,67,1,12,1,0,1,0
"1615",150,71,1,7,1,0,1,0
"1616",160,67,0,12,1,0,1,0
"1617",205,71,1,8,3,0,1,0
"1618",135,64,0,16,5,0,1,0
"1619",155,70,1,12,2,0,0,1
"1620",110,61,0,14,2,0,1,0
"1621",115,64,0,10,1,0,1,0
"1622",113,63,1,14,4,0,1,0
"1623",112,63,0,14,3,0,0,1
"1624",200,71,1,12,5,0,1,0
"1625",140,60,0,15,3,0,0,0
"1626",170,70,1,11,5,0,1,0
"1627",155,69,1,12,5,0,1,0
"1628",172,64,0,13,1,0,1,0
"1629",128,58,0,12,1,0,1,0
"1630",180,67,1,12,1,0,1,0
"1631",145,66,0,12,2,0,1,0
"1632",130,64,0,12,2,0,1,0
"1633",190,70,1,10,1,0,1,0
"1634",175,72,1,12,1,0,1,0
"1635",150,71,1,12,2,0,0,1
"1636",190,63,0,11,2,0,1,0
"1637",200,69,1,11,2,0,0,1
"1638",101,60,0,2,1,1,0,1
"1639",180,64,0,11,3,0,1,0
"1640",210,74,1,12,3,0,0,0
"1641",158,61,0,16,3,0,0,1
"1642",120,63,0,15,5,0,0,1
"1643",140,63,0,12,2,0,1,0
"1644",165,71,1,13,4,0,1,0
"1645",160,63,0,14,1,0,1,0
"1646",110,63,0,13,4,0,1,0
"1647",150,64,0,16,1,0,1,0
"1648",196,70,1,12,4,0,1,0
"1649",150,63,0,17,2,0,1,0
"1650",116,61,0,12,3,1,0,1
"1651",155,67,0,7,1,0,0,1
"1652",119,62,0,14,1,0,1,0
"1653",205,72,1,12,5,0,1,0
"1654",160,71,1,8,2,0,1,0
"1655",170,64,1,16,5,0,1,0
"1656",130,72,0,9,4,1,0,1
"1657",158,67,0,17,3,0,0,1
"1658",145,65,1,4,3,0,0,1
"1659",165,72,1,17,5,0,1,0
"1660",155,65,0,16,2,0,0,1
"1661",142,67,0,12,1,0,1,0
"1662",115,60,0,11,1,0,1,0
"1663",235,71,1,12,2,0,1,0
"1664",163,68,0,10,3,0,0,1
"1665",195,67,0,9,3,0,0,1
"1666",200,72,1,12,3,0,1,0
"1667",149,69,0,12,3,0,1,0
"1668",137,65,0,12,3,0,0,0
"1669",230,68,1,8,1,0,1,0
"1670",161,63,0,6,1,0,0,1
"1671",200,63,0,5,2,0,0,1
"1672",140,71,1,8,1,0,0,1
"1673",98,62,0,13,5,0,1,0
"1674",186,72,1,14,4,0,0,1
"1675",130,62,0,12,1,0,1,0
"1676",130,67,0,15,3,0,1,0
"1677",136,65,0,10,2,0,0,1
"1678",120,61,0,14,5,0,0,0
"1679",135,67,1,14,5,0,1,0
"1680",145,68,1,9,2,0,0,1
"1681",175,69,1,12,2,0,1,0
"1682",112,62,0,12,5,0,0,1
"1683",200,76,1,12,5,0,1,0
"1684",210,67,0,15,2,0,0,1
"1685",168,63,0,6,3,0,1,0
"1686",165,67,0,12,5,0,1,0
"1687",267,68,0,9,3,0,1,0
"1688",149,65,0,8,1,0,1,0
"1689",150,65,0,16,4,0,0,1
"1690",122,59,0,8,3,0,1,0
"1691",190,71,1,14,1,0,1,0
"1692",250,62,0,12,2,0,0,1
"1693",145,66,0,10,1,0,1,0
"1694",195,69,0,14,4,0,1,0
"1695",246,78,1,4,1,0,0,1
"1696",190,62,0,10,3,0,0,1
"1697",190,68,1,12,1,0,1,0
"1698",195,72,1,14,5,0,1,0
"1699",140,60,0,9,4,0,0,1
"1700",115,62,0,12,3,0,1,0
"1701",200,68,1,14,2,0,1,0
"1702",180,70,0,15,1,0,1,0
"1703",126,63,0,12,5,0,1,0
"1704",189,71,1,12,5,0,1,0
"1705",200,64,0,12,5,0,1,0
"1706",160,70,1,12,4,1,0,1
"1707",190,74,1,12,3,0,1,0
"1708",135,64,1,1,1,0,0,0
"1709",185,62,1,4,1,0,0,0
"1710",155,64,0,13,2,0,1,0
"1711",130,67,0,8,3,0,1,0
"1712",152,65,0,12,1,0,1,0
"1713",108,64,0,12,2,0,0,1
"1714",165,70,1,17,3,0,1,0
"1715",124,66,0,14,5,0,1,0
"1716",100,63,0,13,4,0,0,0
"1717",205,64,0,8,1,0,1,0
"1718",160,70,1,13,5,0,1,0
"1719",225,66,0,10,2,1,0,1
"1720",247,71,0,10,1,1,0,1
"1721",135,62,0,12,2,1,0,1
"1722",195,72,1,7,2,0,1,0
"1723",180,65,0,8,1,0,0,1
"1724",125,67,0,11,4,0,1,0
"1725",289,72,1,12,1,0,1,0
"1726",150,72,1,16,5,0,1,0
"1727",212,64,0,15,3,0,1,0
"1728",112,65,0,15,5,0,0,1
"1729",175,62,0,11,1,0,0,1
"1730",129,64,0,12,5,0,1,0
"1731",105,61,0,8,1,0,1,0
"1732",143,65,0,12,3,0,1,0
"1733",135,68,1,12,3,0,1,0
"1734",120,64,0,12,4,0,1,0
"1735",175,71,1,12,3,0,0,1
"1736",172,73,1,17,5,0,1,0
"1737",150,68,0,14,3,0,1,0
"1738",198,60,0,6,1,0,0,1
"1739",200,67,0,5,3,1,0,1
"1740",165,71,1,5,1,0,1,0
"1741",140,67,0,15,1,0,1,0
"1742",200,67,1,11,2,0,1,0
"1743",120,64,0,16,5,0,1,0
"1744",155,71,1,7,1,0,0,1
"1745",180,66,0,0,4,1,0,1
"1746",176,73,1,17,5,0,0,0
"1747",185,63,0,11,3,0,1,0
"1748",135,64,0,17,2,0,1,0
"1749",135,64,1,10,1,0,1,0
"1750",190,71,1,10,4,0,0,1
"1751",180,74,1,11,5,0,1,0
"1752",162,71,1,3,3,0,0,1
"1753",162,66,0,12,1,0,1,0
"1754",130,63,0,12,4,0,1,0
"1755",230,70,0,17,1,0,1,0
"1756",110,63,0,12,5,0,0,1
"1757",103,60,0,12,3,0,1,0
"1758",140,68,1,7,3,0,1,0
"1759",190,73,1,17,4,0,0,1
"1760",175,60,1,14,1,0,1,0
"1761",140,64,0,16,4,0,1,0
"1762",135,61,0,7,1,1,1,0
"1763",100,61,0,12,3,0,0,0
"1764",180,62,0,8,1,0,0,1
"1765",150,64,0,17,5,0,1,0
"1766",190,67,0,8,3,0,1,0
"1767",100,65,0,14,1,0,1,0
"1768",125,63,0,17,1,0,1,0
"1769",163,63,0,12,5,0,1,0
"1770",150,59,0,14,1,0,1,0
"1771",260,75,1,17,2,0,1,0
"1772",169,64,0,12,3,0,1,0
"1773",145,64,0,5,1,0,1,0
"1774",145,71,1,2,1,0,1,0
"1775",170,65,0,12,1,0,1,0
"1776",172,69,1,14,2,0,1,0
"1777",120,64,0,13,2,0,1,0
"1778",176,71,1,12,2,0,0,1
"1779",150,64,0,12,5,0,0,0
"1780",225,71,1,12,3,0,1,0
"1781",341,67,0,10,1,0,0,1
"1782",130,65,0,3,2,1,0,1
"1783",170,62,0,8,1,1,0,1
"1784",200,67,0,12,1,0,1,0
"1785",215,73,1,12,5,0,1,0
"1786",185,69,1,15,5,0,0,1
"1787",101,61,0,12,5,0,1,0
"1788",140,64,0,10,1,1,0,1
"1789",200,65,0,6,3,0,0,1
"1790",110,64,0,11,2,1,1,0
"1791",120,66,0,9,1,0,0,1
"1792",124,60,0,1,3,0,0,1
"1793",180,68,1,14,2,0,1,0
"1794",178,61,1,12,5,0,1,0
"1795",140,61,0,6,3,0,0,0
"1796",210,77,1,6,5,0,0,1
"1797",245,67,0,8,3,0,0,1
"1798",240,67,0,8,2,0,0,1
"1799",136,64,0,15,5,1,0,0
"1800",200,67,0,10,2,0,1,0
"1801",167,63,0,11,4,0,1,0
"1802",123,63,0,11,2,1,0,1
"1803",230,76,1,12,3,0,1,0
"1804",145,65,0,12,3,1,0,1
"1805",170,65,0,12,1,0,1,0
"1806",189,71,1,12,2,0,1,0
"1807",190,71,1,8,3,0,0,1
"1808",140,62,0,11,5,0,0,1
"1809",222,72,1,12,3,0,1,0
"1810",129,60,0,16,5,0,1,0
"1811",180,67,0,15,1,0,0,1
"1812",135,63,0,12,2,0,1,0
"1813",173,63,0,10,1,0,1,0
"1814",NA,62,0,8,3,0,1,0
"1815",180,64,0,14,5,0,1,0
"1816",185,66,1,2,3,0,0,1
"1817",205,73,1,12,5,0,1,0
"1818",140,63,0,8,3,0,1,0
"1819",161,64,0,5,3,0,1,0
"1820",175,71,1,6,1,0,1,0
"1821",160,71,1,17,3,0,1,0
"1822",140,69,1,16,4,0,1,0
"1823",165,71,1,17,5,0,1,0
"1824",136,66,0,14,1,0,0,1
"1825",200,63,1,12,1,0,1,0
"1826",110,61,0,11,3,0,1,0
"1827",160,70,1,12,2,0,1,0
"1828",235,66,0,14,5,0,1,0
"1829",172,68,1,12,5,0,1,0
"1830",155,66,0,12,5,0,1,0
"1831",170,70,1,12,5,0,1,0
"1832",180,65,0,10,4,1,0,1
"1833",190,65,0,12,2,0,1,0
"1834",115,64,0,13,1,0,1,0
"1835",110,64,0,12,5,0,1,0
"1836",155,66,0,13,1,0,1,0
"1837",180,70,1,16,5,0,1,0
"1838",152,62,0,12,1,0,0,1
"1839",165,64,0,16,1,0,1,0
"1840",157,63,0,13,2,0,1,0
"1841",155,71,1,16,3,0,1,0
"1842",140,63,0,17,5,0,1,0
"1843",144,58,0,16,5,0,1,0
"1844",119,66,0,14,5,0,1,0
"1845",215,68,1,9,3,0,1,0
"1846",175,66,1,11,1,0,1,0
"1847",185,71,1,10,1,0,1,0
"1848",131,64,0,10,4,0,1,0
"1849",165,69,1,11,3,0,1,0
"1850",110,61,0,12,4,0,1,0
"1851",165,66,0,17,1,0,1,0
"1852",126,61,0,10,1,0,1,0
"1853",146,64,0,13,5,0,1,0
"1854",135,63,0,14,3,0,0,1
"1855",130,62,0,17,3,0,0,1
"1856",163,65,0,6,1,0,0,1
"1857",195,72,1,14,3,0,1,0
"1858",180,69,1,17,5,0,0,1
"1859",181,69,1,12,5,0,1,0
"1860",153,67,1,17,2,0,0,0
"1861",112,65,0,14,2,0,1,0
"1862",175,67,0,9,1,0,0,1
"1863",168,72,1,8,4,0,1,0
"1864",160,60,0,12,4,0,1,0
"1865",205,76,1,17,5,0,1,0
"1866",217,72,1,7,2,0,1,0
"1867",128,64,0,12,3,0,1,0
"1868",150,66,0,12,3,0,1,0
"1869",205,NA,1,16,4,0,1,0
"1870",155,65,0,12,4,0,1,0
"1871",300,74,1,7,1,0,1,0
"1872",159,69,1,10,2,0,0,1
"1873",127,66,0,12,5,0,1,0
"1874",140,64,0,8,1,0,0,1
"1875",226,62,0,12,1,0,0,1
"1876",140,62,0,12,1,0,1,0
"1877",190,70,1,12,1,0,1,0
"1878",155,67,0,15,3,0,0,1
"1879",243,67,0,12,1,0,1,0
"1880",190,64,0,11,3,0,1,0
"1881",NA,61,0,12,3,0,1,0
"1882",118,63,0,0,2,0,0,0
"1883",187,64,0,12,3,0,0,0
"1884",156,72,1,12,2,0,1,0
"1885",229,71,1,11,2,0,0,1
"1886",145,69,1,12,5,0,1,0
"1887",115,59,0,12,4,0,0,0
"1888",156,65,0,11,4,1,0,1
"1889",130,64,0,12,5,0,1,0
"1890",125,66,0,12,4,0,1,0
"1891",179,63,0,12,3,0,0,1
"1892",158,61,0,7,3,1,0,1
"1893",170,NA,1,1,1,0,0,1
"1894",125,71,1,12,3,0,0,0
"1895",160,66,0,17,3,0,1,0
"1896",160,67,0,12,5,0,0,1
"1897",170,63,0,12,2,0,0,1
"1898",149,63,0,10,1,0,0,1
"1899",220,65,1,0,3,0,0,1
"1900",195,68,0,8,3,0,1,0
"1901",193,73,1,16,5,0,0,1
"1902",155,63,0,17,1,0,1,0
"1903",199,67,1,14,3,0,1,0
"1904",156,68,1,3,2,0,0,1
"1905",150,65,0,14,3,1,0,1
"1906",160,64,0,6,1,0,0,1
"1907",143,59,0,12,1,0,1,0
"1908",150,65,0,12,3,0,1,0
"1909",150,67,1,13,3,0,0,1
"1910",155,68,0,16,3,0,1,0
"1911",255,75,1,7,3,1,0,0
"1912",175,69,1,10,1,0,1,0
"1913",127,66,1,11,3,0,1,0
"1914",170,67,1,12,4,0,1,0
"1915",158,63,0,12,2,0,1,0
"1916",160,69,1,12,2,0,1,0
"1917",245,74,1,16,5,0,1,0
"1918",175,62,0,7,2,0,1,0
"1919",185,71,1,14,3,0,1,0
"1920",160,65,0,14,4,0,1,0
"1921",117,60,0,7,1,0,1,0
"1922",169,66,1,12,4,0,1,0
"1923",115,62,0,10,1,0,1,0
"1924",160,66,0,11,1,0,0,1
"1925",190,64,0,12,1,0,0,1
"1926",218,71,1,7,2,0,0,1
"1927",165,71,1,8,5,0,0,0
"1928",120,62,0,11,1,1,1,0
"1929",190,70,1,12,2,0,1,0
"1930",108,61,0,12,5,0,1,0
"1931",255,70,1,12,5,0,1,0
"1932",264,64,0,8,3,0,0,1
"1933",185,64,0,9,4,0,0,1
"1934",206,72,1,6,5,0,1,0
"1935",300,70,0,14,3,0,1,0
"1936",195,70,1,15,3,0,0,1
"1937",205,73,1,16,4,0,1,0
"1938",190,72,1,16,3,0,1,0
"1939",128,66,0,6,1,0,0,1
"1940",145,66,0,12,2,1,0,1
"1941",110,60,0,2,1,0,0,0
"1942",170,64,1,17,1,0,0,0
"1943",155,67,1,12,1,0,1,0
"1944",140,66,1,10,4,0,1,0
"1945",180,62,0,7,1,0,0,1
"1946",118,61,0,5,1,0,0,1
"1947",185,67,0,12,3,0,1,0
"1948",218,65,0,14,3,0,0,1
"1949",165,70,1,12,5,0,0,1
"1950",174,73,1,13,3,0,0,1
"1951",175,71,1,12,5,0,1,0
"1952",125,62,0,16,3,0,1,0
"1953",160,62,0,17,4,0,1,0
"1954",156,68,1,17,4,0,1,0
"1955",150,65,0,12,3,0,1,0
"1956",172,67,1,10,3,0,1,0
"1957",148,65,0,12,3,0,1,0
"1958",150,64,0,12,1,0,1,0
"1959",185,71,1,3,1,0,0,1
"1960",130,69,1,12,2,0,1,0
"1961",136,63,0,7,3,0,1,0
"1962",170,64,0,12,1,0,0,1
"1963",160,67,0,7,3,1,0,1
"1964",155,71,1,7,1,0,0,1
"1965",125,63,0,12,2,0,1,0
"1966",173,63,0,12,5,0,1,0
"1967",155,67,1,12,4,0,1,0
"1968",107,64,0,15,3,0,1,0
"1969",142,68,0,15,1,0,1,0
"1970",175,72,1,8,3,0,1,0
"1971",220,68,1,15,1,0,0,1
"1972",NA,72,1,16,3,0,1,0
"1973",115,65,0,12,1,0,1,0
"1974",180,66,0,17,1,0,1,0
"1975",166,62,0,8,3,1,0,1
"1976",120,67,0,17,1,0,0,1
"1977",122,68,0,14,3,1,0,1
"1978",110,65,0,17,5,0,1,0
"1979",165,72,1,12,4,0,1,0
"1980",174,62,0,7,1,0,1,0
"1981",110,59,0,11,3,0,1,0
"1982",145,65,1,5,2,0,0,1
"1983",136,65,0,12,3,0,1,0
"1984",185,67,0,11,1,0,0,1
"1985",210,71,1,14,4,0,1,0
"1986",170,71,1,16,3,0,1,0
"1987",152,63,0,12,3,0,1,0
"1988",140,62,0,12,5,0,1,0
"1989",140,63,0,14,3,0,1,0
"1990",220,67,1,3,3,0,1,0
"1991",180,72,1,17,4,0,1,0
"1992",148,63,0,15,4,0,0,1
"1993",NA,62,0,12,1,0,0,1
"1994",155,68,1,8,1,0,0,1
"1995",185,67,0,15,5,0,0,1
"1996",130,63,0,13,4,0,0,1
"1997",227,67,0,11,1,0,1,0
"1998",240,64,1,3,2,0,0,1
"1999",170,70,1,12,5,0,1,0
"2000",170,63,0,12,1,0,0,1
"2001",140,67,1,13,3,0,0,1
"2002",190,68,0,8,2,0,1,0
"2003",128,63,0,17,3,0,1,0
"2004",200,74,1,13,4,0,1,0
"2005",180,65,0,12,4,0,1,0
"2006",145,66,0,12,5,0,1,0
"2007",155,67,1,14,2,0,0,0
"2008",168,70,0,12,1,0,1,0
"2009",185,71,1,17,4,0,1,0
"2010",154,62,0,16,5,0,1,0
"2011",214,72,1,4,1,0,0,1
"2012",137,64,1,9,1,0,0,1
"2013",210,65,0,12,1,0,0,1
"2014",122,66,0,8,3,0,1,0
"2015",160,71,0,12,1,0,0,0
"2016",164,NA,0,10,1,0,0,0
"2017",181,70,1,13,1,0,0,0
"2018",130,62,0,10,1,0,0,0
"2019",175,71,1,12,1,0,0,1
"2020",190,61,0,9,3,1,0,0
"2021",122,64,1,8,2,0,0,0
"2022",185,71,1,16,3,0,1,0
"2023",148,71,1,7,2,0,1,0
"2024",201,62,0,9,1,0,0,0
"2025",94,60,0,12,1,0,1,0
"2026",230,66,1,9,3,0,1,0
"2027",130,65,0,13,1,0,0,1
"2028",135,65,0,13,4,0,1,0
"2029",140,66,0,13,2,0,0,0
"2030",155,67,1,6,2,0,0,0
"2031",140,64,0,13,2,0,1,0
"2032",85,64,0,3,1,1,0,0
"2033",240,63,0,7,4,0,0,1
"2034",150,65,0,14,4,0,1,0
"2035",210,75,1,14,4,0,1,0
"2036",115,62,0,12,2,1,0,0
"2037",128,62,0,13,3,0,1,0
"2038",126,65,0,12,2,0,1,0
"2039",105,63,0,12,3,0,1,0
"2040",180,62,0,10,5,1,0,0
"2041",145,64,0,5,2,0,1,0
"2042",176,63,0,12,3,0,0,1
"2043",175,67,0,9,1,0,1,0
"2044",160,75,1,12,5,0,1,0
"2045",NA,NA,0,12,2,0,0,1
"2046",105,62,0,12,1,0,0,0
"2047",160,62,0,12,3,0,1,0
"2048",130,63,0,12,3,0,1,0
"2049",121,64,0,5,1,0,0,1
"2050",185,74,1,0,3,1,1,0
"2051",198,67,1,8,3,0,1,0
"2052",155,66,0,11,4,0,1,0
"2053",138,62,1,8,3,0,0,1
"2054",145,62,0,14,4,0,1,0
"2055",175,66,0,12,2,0,1,0
"2056",200,70,0,12,2,0,1,0
"2057",135,62,0,9,1,0,1,0
"2058",175,72,1,14,3,0,1,0
"2059",105,62,0,3,1,0,0,1
"2060",190,63,0,4,1,0,0,1
"2061",221,69,1,7,3,0,0,1
"2062",125,63,0,17,5,0,1,0
"2063",153,67,0,13,5,0,1,0
"2064",130,60,0,4,1,1,0,1
"2065",220,62,0,3,2,1,0,1
"2066",140,62,0,10,1,1,0,1
"2067",138,66,0,14,3,0,1,0
"2068",118,62,0,14,3,0,1,0
"2069",225,69,1,12,2,0,1,0
"2070",135,61,0,12,5,0,1,0
"2071",235,74,1,13,1,0,1,0
"2072",130,67,1,12,1,0,1,0
"2073",215,69,1,12,1,0,1,0
"2074",110,60,0,14,5,0,0,1
"2075",139,68,0,12,3,0,1,0
"2076",170,68,1,13,2,0,0,0
"2077",206,69,0,8,1,0,0,1
"2078",167,71,1,14,5,0,1,0
"2079",190,68,1,4,1,0,0,0
"2080",250,NA,0,9,1,1,0,1
"2081",178,64,0,8,5,0,1,0
"2082",150,62,0,13,2,0,1,0
"2083",135,68,0,8,3,0,1,0
"2084",185,71,1,12,3,0,1,0
"2085",180,73,1,8,3,0,1,0
"2086",134,62,0,12,1,0,1,0
"2087",170,72,1,4,4,0,1,0
"2088",125,68,0,12,5,0,1,0
"2089",160,65,0,8,1,0,1,0
"2090",128,63,0,12,4,0,1,0
"2091",165,NA,1,17,2,0,0,1
"2092",170,67,1,15,2,0,1,0
"2093",168,71,1,17,4,0,1,0
"2094",140,70,1,14,2,0,1,0
"2095",155,64,0,8,5,0,1,0
"2096",148,68,1,10,3,0,1,0
"2097",137,64,0,5,1,0,0,1
"2098",128,67,0,12,5,0,1,0
"2099",205,66,1,5,3,0,0,1
"2100",115,62,0,7,3,0,0,1
"2101",175,71,1,14,5,0,0,1
"2102",110,62,0,16,2,0,0,0
"2103",195,73,1,12,1,0,1,0
"2104",140,63,0,11,1,0,1,0
"2105",188,67,0,12,3,0,0,1
"2106",106,61,0,14,5,0,0,1
"2107",195,69,1,15,5,0,0,1
"2108",175,69,1,12,3,0,1,0
"2109",210,69,1,16,3,0,1,0
"2110",172,66,0,12,5,0,1,0
"2111",117,62,0,12,3,0,1,0
"2112",160,68,1,5,3,0,0,1
"2113",150,68,0,17,5,0,1,0
"2114",210,69,1,6,1,0,0,1
"2115",135,67,0,17,5,0,1,0
"2116",150,66,0,7,1,0,1,0
"2117",180,72,1,12,1,0,1,0
"2118",185,72,1,12,5,0,1,0
"2119",118,59,0,12,3,0,0,1
"2120",180,74,1,4,3,0,0,1
"2121",136,66,0,16,3,0,1,0
"2122",170,67,0,11,1,0,0,1
"2123",165,68,1,14,3,0,0,1
"2124",185,67,1,15,2,0,0,1
"2125",126,64,0,12,3,0,0,0
"2126",156,68,0,15,4,0,1,0
"2127",200,65,1,16,5,0,1,0
"2128",115,60,0,16,2,0,1,0
"2129",160,70,1,12,4,0,1,0
"2130",128,61,0,14,3,0,1,0
"2131",245,73,1,6,5,0,0,1
"2132",210,72,1,14,4,0,0,1
"2133",220,73,1,14,2,0,1,0
"2134",170,69,0,12,5,0,0,1
"2135",155,71,1,6,5,0,0,1
"2136",170,69,1,17,5,0,0,1
"2137",132,66,0,9,1,0,0,1
"2138",170,59,0,14,4,0,0,0
"2139",97,58,0,13,3,0,1,0
"2140",280,72,1,13,4,0,0,0
"2141",127,64,1,11,1,0,0,0
"2142",265,62,0,11,1,0,0,0
"2143",190,62,0,12,1,0,1,0
"2144",150,61,0,17,5,0,1,0
"2145",147,70,1,14,4,0,0,1
"2146",170,65,0,12,2,0,1,0
"2147",240,62,0,7,3,0,0,1
"2148",226,64,0,6,1,0,0,1
"2149",167,66,0,8,3,0,0,1
"2150",185,67,1,7,1,1,0,1
"2151",135,68,0,12,3,0,1,0
"2152",195,71,1,16,2,0,0,1
"2153",210,64,0,11,4,0,0,1
"2154",150,64,0,12,3,0,0,1
"2155",129,NA,0,4,2,0,0,1
"2156",140,62,0,9,5,1,0,1
"2157",168,67,1,12,3,0,0,1
"2158",182,74,1,16,3,0,1,0
"2159",153,72,1,11,3,0,0,1
"2160",150,64,0,9,1,1,1,0
"2161",130,65,1,14,3,0,0,1
"2162",129,65,0,12,1,0,0,1
"2163",160,66,0,12,1,1,0,1
"2164",190,63,0,17,3,0,1,0
"2165",180,66,0,8,3,0,0,1
"2166",185,71,0,10,3,1,0,1
"2167",135,61,0,12,1,0,0,0
"2168",170,71,1,8,1,0,1,0
"2169",158,64,0,13,3,0,1,0
"2170",190,69,1,13,5,0,0,0
"2171",185,66,0,12,4,0,1,0
"2172",210,58,0,7,3,1,0,1
"2173",145,66,1,5,3,1,0,1
"2174",154,59,0,11,1,0,1,0
"2175",200,63,0,14,3,0,1,0
"2176",148,68,1,10,3,0,1,0
"2177",120,65,0,17,5,0,1,0
"2178",170,66,0,13,4,0,1,0
"2179",215,70,1,17,5,0,1,0
"2180",140,63,0,13,5,0,0,1
"2181",185,68,1,12,3,0,1,0
"2182",128,62,0,12,1,0,0,1
"2183",90,59,0,12,1,0,1,0
"2184",165,69,1,14,1,0,1,0
"2185",145,65,0,16,5,0,1,0
"2186",135,69,1,7,1,0,0,1
"2187",191,64,0,10,1,0,0,1
"2188",230,71,0,12,1,0,0,1
"2189",125,65,0,16,4,0,1,0
"2190",135,60,0,15,5,0,1,0
"2191",225,75,1,8,1,0,1,0
"2192",220,62,0,0,1,0,0,0
"2193",215,64,0,10,1,0,1,0
"2194",110,63,0,17,5,0,1,0
"2195",164,69,1,17,5,0,1,0
"2196",115,63,0,14,4,0,1,0
"2197",165,68,1,12,4,0,1,0
"2198",158,67,1,10,4,0,1,0
"2199",167,65,0,12,4,0,0,1
"2200",130,71,1,12,4,0,0,0
"2201",155,69,1,13,4,0,1,0
"2202",120,61,0,13,4,0,1,0
"2203",120,60,0,16,5,0,0,1
"2204",115,61,0,10,1,0,0,1
"2205",190,71,1,12,1,0,0,1
"2206",154,66,1,14,1,0,0,1
"2207",162,65,1,11,3,0,0,1
"2208",250,70,0,8,1,0,1,0
"2209",250,84,1,12,3,0,1,0
"2210",190,66,0,9,5,0,1,0
"2211",169,63,0,12,1,0,0,1
"2212",162,71,1,4,5,0,1,0
"2213",172,69,1,17,2,0,1,0
"2214",145,65,0,12,2,0,1,0
"2215",189,63,0,12,3,0,1,0
"2216",185,62,0,12,3,0,0,1
"2217",172,68,1,10,3,0,0,1
"2218",171,60,0,7,3,1,0,0
"2219",165,64,0,12,2,0,0,1
"2220",140,63,0,14,3,0,0,0
"2221",136,64,0,12,4,0,1,0
"2222",180,71,1,14,5,0,1,0
"2223",190,66,0,11,3,0,1,0
"2224",135,65,0,12,4,0,1,0
"2225",95,66,0,11,2,0,1,0
"2226",133,61,0,16,1,0,0,1
"2227",210,74,1,14,3,0,1,0
"2228",140,63,0,15,3,0,0,1
"2229",155,65,1,8,3,0,1,0
"2230",206,60,0,5,3,1,1,0
"2231",172,67,1,14,4,0,0,1
"2232",190,73,1,17,5,0,1,0
"2233",115,67,1,14,4,0,0,0
"2234",NA,64,0,11,2,0,1,0
"2235",165,71,1,13,5,0,1,0
"2236",137,67,0,12,4,0,1,0
"2237",160,68,1,16,3,0,0,1
"2238",165,68,0,12,3,1,1,0
"2239",153,63,0,16,4,0,0,1
"2240",128,62,0,12,5,0,0,1
"2241",170,62,0,13,1,0,1,0
"2242",135,62,0,12,4,0,1,0
"2243",141,61,0,12,3,0,0,1
"2244",92,58,0,10,1,0,0,1
"2245",120,63,0,12,4,0,0,1
"2246",215,77,1,14,5,0,1,0
"2247",182,72,1,16,5,0,1,0
"2248",115,59,0,17,5,0,1,0
"2249",137,68,0,13,1,0,0,1
"2250",178,72,1,12,4,0,0,1
"2251",148,62,0,7,1,0,1,0
"2252",130,64,0,13,2,0,1,0
"2253",190,66,0,14,3,0,0,1
"2254",136,64,1,12,5,0,1,0
"2255",169,66,1,4,2,0,0,0
"2256",120,66,1,3,1,1,0,1
"2257",160,70,0,12,5,0,1,0
"2258",92,63,0,12,1,0,1,0
"2259",238,70,1,12,3,0,1,0
"2260",175,65,0,12,1,0,0,1
"2261",220,64,0,12,2,0,0,1
"2262",195,63,0,12,1,0,0,1
"2263",125,62,0,12,3,0,1,0
"2264",168,62,0,12,1,0,0,1
"2265",200,65,0,12,1,0,0,1
"2266",134,68,0,12,5,0,1,0
"2267",205,70,1,17,3,0,1,0
"2268",130,66,0,17,5,0,1,0
"2269",198,70,1,16,3,0,1,0
"2270",169,67,0,12,3,0,0,1
"2271",175,67,1,16,3,0,1,0
"2272",185,62,0,12,2,0,0,1
"2273",196,62,0,9,1,0,0,1
"2274",198,59,0,8,1,0,1,0
"2275",172,67,1,17,3,0,0,1
"2276",165,71,1,12,5,0,1,0
"2277",145,67,0,12,3,0,1,0
"2278",155,68,1,12,1,0,1,0
"2279",162,69,1,8,5,0,1,0
"2280",170,60,0,5,2,0,0,1
"2281",210,69,1,17,3,0,0,1
"2282",140,62,0,16,3,0,0,1
"2283",234,64,0,11,3,0,0,1
"2284",153,72,1,3,3,0,0,1
"2285",208,70,1,15,1,0,0,1
"2286",232,66,0,10,5,0,0,1
"2287",196,68,1,8,5,0,1,0
"2288",145,67,1,8,1,0,1,0
"2289",180,59,0,6,1,0,1,0
"2290",125,63,0,11,5,0,1,0
"2291",188,69,0,12,1,0,1,0
"2292",190,77,1,14,3,1,0,0
"2293",123,60,0,15,1,0,0,1
"2294",173,72,1,17,5,0,0,1
"2295",173,65,1,12,1,0,0,0
"2296",138,59,0,16,4,0,0,0
"2297",135,62,0,10,5,0,1,0
"2298",114,62,0,12,2,1,0,0
"2299",138,61,0,13,2,0,1,0
"2300",127,63,0,17,2,0,0,1
"2301",135,67,1,16,3,0,1,0
"2302",125,64,0,15,5,0,1,0
"2303",170,62,0,10,3,1,1,0
"2304",132,69,1,12,1,0,1,0
"2305",152,66,0,0,2,0,0,1
"2306",136,61,0,12,2,0,0,1
"2307",140,68,0,14,5,0,1,0
"2308",126,67,0,13,1,0,1,0
"2309",135,66,0,12,3,0,1,0
"2310",105,60,0,10,3,0,1,0
"2311",160,69,0,16,3,0,0,0
"2312",145,62,0,11,5,0,0,1
"2313",113,69,1,12,2,0,1,0
"2314",132,65,0,12,2,0,1,0
"2315",173,64,1,8,5,0,1,0
"2316",121,62,0,13,2,0,0,1
"2317",222,67,1,10,1,1,0,1
"2318",185,63,0,8,5,0,1,0
"2319",260,76,1,12,2,0,1,0
"2320",150,66,1,15,5,0,0,1
"2321",155,65,0,12,3,0,1,0
"2322",135,61,0,11,3,0,1,0
"2323",132,62,0,17,3,0,1,0
"2324",180,67,1,17,3,0,0,0
"2325",130,67,0,17,3,0,0,1
"2326",150,65,0,14,5,0,0,1
"2327",136,64,0,13,2,0,1,0
"2328",118,67,1,7,3,0,1,0
"2329",155,62,0,15,5,0,0,1
"2330",135,60,0,16,1,0,0,1
"2331",185,68,0,12,3,0,0,1
"2332",170,69,0,12,3,0,1,0
"2333",155,63,0,12,3,0,1,0
"2334",103,60,0,8,2,0,1,0
"2335",185,72,1,12,5,0,1,0
"2336",107,66,1,11,1,0,0,0
"2337",185,71,1,8,2,0,1,0
"2338",145,60,0,8,2,0,1,0
"2339",106,60,0,8,1,0,1,0
"2340",165,69,1,12,4,0,1,0
"2341",150,62,0,12,1,0,1,0
"2342",115,62,0,12,5,0,1,0
"2343",125,65,0,12,5,0,1,0
"2344",170,71,1,9,4,0,1,0
"2345",145,67,1,12,2,0,1,0
"2346",180,71,1,12,3,0,1,0
"2347",175,70,1,17,4,0,1,0
"2348",140,63,0,6,4,0,0,0
"2349",180,66,0,10,5,0,0,1
"2350",176,69,1,14,3,0,1,0
"2351",220,69,1,9,1,0,0,1
"2352",140,60,0,9,1,0,1,0
"2353",227,71,1,13,1,0,0,1
"2354",110,65,0,16,4,0,1,0
"2355",160,65,0,14,2,0,1,0
"2356",190,71,1,8,1,0,0,1
"2357",162,69,1,12,3,0,1,0
"2358",153,64,0,6,1,0,1,0
"2359",140,62,0,12,4,0,1,0
"2360",162,67,1,11,5,0,1,0
"2361",170,61,0,11,5,0,1,0
"2362",200,67,0,8,1,0,1,0
"2363",160,69,1,11,5,0,0,1
"2364",135,72,0,13,4,0,1,0
"2365",125,63,0,15,5,0,1,0
"2366",122,62,0,11,3,0,1,0
"2367",110,61,0,13,5,0,1,0
"2368",120,65,0,14,1,0,1,0
"2369",180,66,0,14,2,0,1,0
"2370",270,65,1,10,1,0,0,0
"2371",165,71,1,16,3,0,1,0
"2372",145,62,0,13,2,0,1,0
"2373",160,66,0,17,3,0,1,0
"2374",NA,66,0,12,1,0,1,0
"2375",162,65,0,12,1,0,0,1
"2376",140,65,0,12,2,0,1,0
"2377",220,77,1,9,1,0,0,1
"2378",145,70,1,15,3,0,1,0
"2379",118,62,0,16,1,0,1,0
"2380",145,68,1,13,4,0,0,1
"2381",180,69,1,12,1,0,0,1
"2382",145,70,1,17,3,0,1,0
"2383",115,63,0,14,2,0,1,0
"2384",195,71,0,14,3,1,0,0
"2385",137,64,0,13,4,0,1,0
"2386",185,69,0,14,3,0,1,0
"2387",210,66,0,12,3,0,1,0
"2388",135,66,0,12,2,0,1,0
"2389",145,60,0,8,1,1,1,0
"2390",120,66,0,12,5,0,1,0
"2391",115,68,0,8,1,0,0,1
"2392",142,62,0,12,5,0,1,0
"2393",167,65,0,8,1,1,0,1
"2394",218,70,1,12,3,0,1,0
"2395",125,NA,1,0,1,0,0,1
"2396",168,65,0,11,3,0,1,0
"2397",185,73,1,17,3,0,1,0
"2398",155,65,0,12,4,0,1,0
"2399",180,66,1,12,1,0,1,0
"2400",115,65,1,8,1,0,1,0
"2401",105,64,0,10,3,0,1,0
"2402",145,67,0,12,4,0,1,0
"2403",160,67,1,13,3,0,1,0
"2404",175,73,1,17,5,0,1,0
"2405",113,63,0,14,3,0,1,0
"2406",160,64,0,12,5,0,0,1
"2407",100,62,0,10,1,0,1,0
"2408",145,66,1,8,3,0,1,0
"2409",136,61,0,11,4,0,1,0
"2410",180,60,0,16,1,0,1,0
"2411",160,65,0,5,1,0,0,1
"2412",214,65,0,6,1,0,0,1
"2413",182,73,1,5,1,1,0,1
"2414",160,71,1,12,5,0,1,0
"2415",125,65,0,12,2,0,1,0
"2416",160,65,0,17,3,0,0,1
"2417",132,65,0,13,3,0,1,0
"2418",142,65,1,16,3,0,1,0
"2419",142,68,0,12,3,0,1,0
"2420",200,72,1,12,5,0,1,0
"2421",214,71,1,10,3,0,1,0
"2422",163,65,1,10,1,0,0,1
"2423",160,71,1,13,5,0,1,0
"2424",119,60,0,16,5,0,1,0
"2425",130,62,0,14,1,0,1,0
"2426",200,65,0,9,3,0,0,1
"2427",215,66,0,6,1,0,1,0
"2428",120,64,0,12,5,0,1,0
"2429",167,68,1,12,2,0,1,0
"2430",148,62,0,9,1,0,1,0
"2431",180,68,0,12,3,0,0,0
"2432",165,63,0,9,1,0,0,1
"2433",234,65,0,7,1,1,0,1
"2434",171,61,0,3,1,0,0,1
"2435",230,74,1,8,1,0,0,1
"2436",108,63,0,16,3,0,1,0
"2437",160,68,1,17,5,0,1,0
"2438",160,68,1,12,4,0,1,0
"2439",175,67,1,16,3,0,1,0
"2440",170,68,0,12,2,0,0,0
"2441",190,60,0,11,1,0,1,0
"2442",195,71,1,11,2,0,1,0
"2443",128,67,0,12,4,0,1,0
"2444",126,62,0,8,3,0,1,0
"2445",130,64,0,10,4,0,1,0
"2446",180,59,0,8,3,0,1,0
"2447",165,68,1,11,2,0,1,0
"2448",160,66,0,11,2,0,0,1
"2449",186,64,0,12,1,0,0,1
"2450",215,72,1,14,5,0,1,0
"2451",160,69,1,9,4,0,0,1
"2452",190,62,0,13,1,0,0,1
"2453",170,62,0,16,3,0,1,0
"2454",180,71,1,1,1,0,0,0
"2455",185,63,0,7,3,0,0,0
"2456",190,71,1,8,2,0,0,1
"2457",172,64,0,12,3,0,0,1
"2458",150,66,1,12,3,0,1,0
"2459",160,65,0,14,4,0,1,0
"2460",158,63,0,16,3,0,1,0
"2461",135,61,0,11,1,1,1,0
"2462",230,72,1,12,2,0,1,0
"2463",195,67,0,10,2,0,1,0
"2464",192,71,1,11,5,0,1,0
"2465",240,70,1,12,2,0,1,0
"2466",209,63,0,12,1,0,1,0
"2467",135,60,0,10,1,0,1,0
"2468",180,72,1,12,5,0,1,0
"2469",150,67,1,12,5,0,1,0
"2470",150,74,1,14,3,0,1,0
"2471",190,68,0,15,4,0,1,0
"2472",185,73,1,14,3,0,1,0
"2473",192,73,1,16,1,0,0,1
"2474",120,65,0,13,5,0,1,0
"2475",205,72,1,8,3,0,1,0
"2476",190,62,0,11,5,0,0,1
"2477",135,64,0,5,1,0,0,1
"2478",175,64,0,7,1,0,1,0
"2479",160,65,1,7,3,0,1,0
"2480",158,67,1,7,5,0,0,1
"2481",130,62,0,11,1,0,1,0
"2482",145,65,0,12,4,0,1,0
"2483",185,73,1,17,3,0,1,0
"2484",145,64,0,12,1,0,1,0
"2485",128,63,0,12,5,0,0,1
"2486",185,67,0,16,1,0,0,1
"2487",133,67,0,14,2,0,0,1
"2488",170,74,1,12,1,0,1,0
"2489",190,72,1,9,5,0,0,0
"2490",153,73,1,14,4,1,1,0
"2491",151,69,1,9,4,0,0,1
"2492",212,75,1,13,1,0,1,0
"2493",140,66,0,12,3,1,0,1
"2494",196,75,1,12,5,0,0,1
"2495",160,67,0,12,5,0,0,1
"2496",197,68,1,9,5,0,0,0
"2497",120,60,0,10,5,0,0,0
"2498",150,67,0,14,3,0,0,1
"2499",138,66,1,17,5,0,1,0
"2500",128,62,0,11,5,0,1,0
"2501",111,NA,0,7,1,0,0,0
"2502",168,66,1,12,1,0,0,1
"2503",175,64,0,12,3,0,0,1
"2504",165,74,1,0,3,0,0,0
"2505",120,64,0,14,5,0,1,0
"2506",164,70,1,10,1,0,1,0
"2507",240,64,0,12,1,0,1,0
"2508",160,61,0,13,4,0,1,0
"2509",161,62,0,6,3,0,1,0
"2510",125,59,0,13,3,0,0,1
"2511",160,NA,0,5,3,0,0,0
"2512",150,60,0,8,1,1,1,0
"2513",155,65,0,12,1,0,1,0
"2514",200,71,1,12,4,0,1,0
"2515",282,60,0,10,3,1,0,1
"2516",200,65,0,6,1,1,0,1
"2517",192,69,1,13,5,0,1,0
"2518",100,62,0,12,1,0,1,0
"2519",140,65,0,12,2,0,1,0
"2520",124,68,1,12,2,0,1,0
"2521",140,71,1,12,5,0,0,1
"2522",155,70,1,8,3,0,1,0
"2523",100,64,0,17,1,0,1,0
"2524",175,67,1,16,2,0,1,0
"2525",200,66,0,17,4,0,1,0
"2526",160,70,1,4,1,0,0,0
"2527",165,63,0,12,5,0,1,0
"2528",240,69,1,12,2,0,0,1
"2529",150,69,0,12,3,0,1,0
"2530",150,68,1,13,5,0,1,0
"2531",128,64,0,17,4,0,1,0
"2532",165,70,1,14,5,0,1,0
"2533",100,60,0,14,4,0,1,0
"2534",180,62,0,11,5,0,1,0
"2535",111,63,0,10,5,0,1,0
"2536",163,69,1,6,1,0,1,0
"2537",179,60,0,14,3,0,0,1
"2538",209,75,1,14,5,0,0,1
"2539",170,66,0,15,3,0,1,0
"2540",110,66,0,12,2,0,1,0
"2541",155,71,1,14,5,0,1,0
"2542",124,61,0,12,5,0,1,0
"2543",95,62,0,13,3,0,1,0
"2544",115,66,0,13,5,0,0,0
"2545",170,67,1,12,3,0,1,0
"2546",170,69,1,12,3,0,1,0
"2547",140,64,0,9,4,0,1,0
"2548",116,66,0,12,2,0,0,0
"2549",240,64,0,8,2,0,1,0
"2550",145,67,0,11,5,0,1,0
"2551",175,67,1,14,1,0,1,0
"2552",185,72,1,12,4,0,1,0
"2553",220,71,1,9,1,0,1,0
"2554",128,68,0,11,3,1,1,0
"2555",130,64,0,12,1,0,1,0
"2556",190,72,1,12,5,0,1,0
"2557",115,62,0,12,3,0,1,0
"2558",270,71,1,16,5,0,1,0
"2559",114,63,0,17,5,0,0,1
"2560",161,65,0,17,2,0,0,1
"2561",138,63,0,14,2,0,1,0
"2562",132,69,0,12,1,0,0,1
"2563",250,64,0,12,1,0,0,1
"2564",250,66,0,11,1,0,0,1
"2565",100,63,0,15,1,0,1,0
"2566",NA,64,0,6,1,0,1,0
"2567",120,63,0,14,5,0,1,0
"2568",175,65,0,17,3,0,1,0
"2569",170,67,1,3,3,0,0,1
"2570",155,68,1,11,3,0,0,1
"2571",210,63,0,11,2,0,1,0
"2572",125,57,0,7,4,0,1,0
"2573",189,65,0,12,1,0,1,0
"2574",150,67,0,17,4,0,1,0
"2575",145,64,0,16,3,0,1,0
"2576",160,68,1,17,3,0,1,0
"2577",128,69,1,16,5,0,1,0
"2578",130,62,0,12,1,1,0,0
"2579",175,70,1,6,1,0,0,0
"2580",175,68,1,17,5,0,1,0
"2581",342,72,1,12,4,0,1,0
"2582",154,64,0,12,3,0,1,0
"2583",152,67,0,12,4,0,0,1
"2584",155,73,1,3,1,0,0,1
"2585",170,72,1,14,5,0,1,0
"2586",175,69,0,12,5,0,1,0
"2587",242,73,1,16,5,0,1,0
"2588",140,63,0,14,4,0,0,1
"2589",127,63,0,10,1,0,1,0
"2590",160,63,0,9,1,0,1,0
"2591",122,56,0,14,4,0,0,0
"2592",203,59,0,12,1,0,1,0
"2593",NA,67,0,17,1,0,1,0
"2594",163,71,1,9,1,0,1,0
"2595",210,71,1,10,3,0,0,1
"2596",170,64,0,11,1,0,0,1
"2597",157,60,0,14,3,0,0,0
"2598",150,72,1,12,4,1,0,1
"2599",170,71,1,17,5,0,1,0
"2600",189,73,1,17,5,0,1,0
"2601",132,60,0,12,3,0,1,0
"2602",160,69,1,16,5,1,0,0
"2603",175,62,0,12,2,0,1,0
"2604",135,63,0,12,1,0,0,1
"2605",194,69,1,16,3,0,1,0
"2606",150,66,1,15,5,0,1,0
"2607",105,65,0,10,5,0,1,0
"2608",156,63,0,15,5,0,0,1
"2609",116,63,0,12,5,0,1,0
"2610",156,63,0,10,3,0,1,0
"2611",132,61,0,6,2,0,0,1
"2612",185,72,0,11,4,0,0,1
"2613",180,67,0,7,4,0,0,1
"2614",180,69,0,8,1,0,0,1
"2615",190,75,1,16,4,0,1,0
"2616",164,61,0,8,3,0,1,0
"2617",108,62,0,13,5,0,1,0
"2618",275,70,1,11,2,0,1,0
"2619",126,65,0,12,2,0,1,0
"2620",128,66,0,13,2,0,1,0
"2621",290,71,1,8,1,0,0,0
"2622",145,61,0,0,1,0,0,0
"2623",195,72,1,12,3,0,1,0
"2624",153,66,1,13,3,0,1,0
"2625",180,65,0,11,5,0,1,0
"2626",180,69,1,16,5,0,1,0
"2627",109,62,0,2,1,0,0,1
"2628",121,64,0,13,2,0,1,0
"2629",130,67,0,12,1,0,0,1
"2630",125,62,0,10,1,0,1,0
"2631",NA,65,0,13,1,0,1,0
"2632",147,63,0,16,2,0,1,0
"2633",110,63,0,12,1,0,0,0
"2634",110,63,0,10,3,0,0,1
"2635",135,66,0,14,3,0,1,0
"2636",210,69,1,10,2,0,1,0
"2637",130,61,0,13,3,0,1,0
"2638",140,68,1,16,5,0,1,0
"2639",175,66,1,8,2,0,1,0
"2640",130,63,0,16,4,0,1,0
"2641",130,63,0,11,5,0,0,1
"2642",126,63,0,12,5,0,1,0
"2643",80,59,0,12,1,0,1,0
"2644",131,67,0,13,1,0,1,0
"2645",165,62,0,13,5,0,0,1
"2646",210,67,1,12,5,0,0,1
"2647",200,73,1,4,1,0,0,1
"2648",178,71,1,10,5,0,0,1
"2649",130,60,0,10,1,0,1,0
"2650",130,67,1,8,5,0,0,1
"2651",120,61,0,12,4,1,0,1
"2652",145,59,0,11,3,0,0,1
"2653",139,67,0,6,2,0,0,0
"2654",178,66,1,6,3,0,0,0
"2655",120,63,0,10,3,0,1,0
"2656",NA,NA,0,0,1,0,0,0
"2657",146,NA,0,1,2,0,0,0
"2658",160,67,0,12,3,0,1,0
"2659",190,66,0,11,3,0,1,0
"2660",135,60,0,12,1,0,1,0
"2661",159,62,0,13,4,0,1,0
"2662",175,67,0,11,1,0,0,1
"2663",190,70,1,12,4,0,1,0
"2664",210,63,0,10,5,0,0,1
"2665",166,68,0,17,3,0,0,1
"2666",143,63,0,12,5,0,0,1
"2667",115,60,0,1,3,0,0,1
"2668",210,63,0,12,2,1,0,1
"2669",164,74,1,17,2,0,0,1
"2670",158,69,1,17,5,0,1,0
"2671",152,69,0,14,2,0,0,1
"2672",148,65,0,8,1,1,0,1
"2673",180,71,1,9,1,0,0,1
"2674",148,63,0,16,1,0,1,0
"2675",150,67,1,8,3,0,1,0
"2676",165,64,0,12,3,0,1,0
"2677",140,65,0,11,5,0,1,0
"2678",160,69,0,12,4,1,1,0
"2679",195,65,0,13,4,0,1,0
"2680",160,65,1,14,4,0,1,0
"2681",185,74,1,12,2,0,1,0
"2682",136,71,1,13,1,0,0,1
"2683",190,65,0,11,3,0,0,1
"2684",177,70,1,12,5,0,1,0
"2685",175,72,1,17,2,0,1,0
"2686",193,75,1,10,2,0,0,0
"2687",140,68,1,5,3,0,0,1
"2688",198,63,0,17,3,0,0,1
"2689",150,65,0,8,3,0,1,0
"2690",126,66,1,5,1,0,1,0
"2691",170,73,1,10,5,0,1,0
"2692",175,67,0,12,3,0,1,0
"2693",165,72,1,16,3,0,1,0
"2694",150,59,0,14,1,0,0,1
"2695",170,70,1,14,5,0,1,0
"2696",210,72,1,6,1,0,1,0
"2697",155,67,0,12,1,0,1,0
"2698",175,69,1,15,1,0,1,0
"2699",120,71,0,9,5,0,0,0
"2700",150,61,0,10,1,0,0,0
"2701",200,71,1,8,5,0,0,0
"2702",165,64,0,10,4,0,1,0
"2703",210,66,0,11,1,0,1,0
"2704",150,60,0,7,1,0,0,1
"2705",167,67,1,10,1,0,0,1
"2706",153,63,0,12,1,0,1,0
"2707",250,73,1,10,1,0,0,0
"2708",120,61,0,12,2,1,0,1
"2709",150,69,1,16,5,0,1,0
"2710",185,67,0,16,1,0,0,1
"2711",160,65,0,9,4,0,0,1
"2712",142,64,0,14,5,0,1,0
"2713",162,70,1,12,4,0,0,0
"2714",155,67,1,12,4,0,1,0
"2715",110,62,0,12,4,0,1,0
"2716",135,67,0,16,5,0,1,0
"2717",165,68,1,8,3,0,0,1
"2718",180,69,1,9,3,1,0,1
"2719",145,65,0,12,1,0,0,1
"2720",201,73,1,3,2,0,0,1
"2721",170,63,0,17,2,0,1,0
"2722",140,65,0,11,5,0,0,1
"2723",174,74,1,8,4,0,1,0
"2724",125,67,1,12,2,0,0,1
"2725",137,61,0,10,1,0,1,0
"2726",112,63,0,12,3,0,1,0
"2727",200,72,1,16,2,0,1,0
"2728",150,66,0,14,1,0,1,0
"2729",193,69,1,10,3,0,1,0
"2730",170,69,1,12,4,0,1,0
"2731",125,61,0,13,3,0,0,0
"2732",185,67,1,5,2,0,0,0
"2733",205,66,0,16,1,0,0,1
"2734",160,69,1,11,5,0,1,0
"2735",155,69,0,16,3,0,1,0
"2736",228,63,0,16,2,0,0,1
"2737",294,65,0,8,3,0,0,1
"2738",130,64,0,8,1,1,0,1
"2739",190,72,1,12,3,0,0,1
"2740",115,64,0,12,2,0,1,0
"2741",165,65,0,12,5,0,0,1
"2742",180,72,1,12,3,0,1,0
"2743",180,61,0,6,5,0,0,1
"2744",156,66,0,12,2,0,0,1
"2745",180,65,1,11,5,0,0,0
"2746",160,60,0,2,1,0,0,1
"2747",255,68,1,8,5,0,0,1
"2748",140,71,1,7,2,0,0,1
"2749",210,68,1,12,5,0,0,1
"2750",155,68,1,16,5,0,1,0
"2751",147,66,1,8,1,0,1,0
"2752",165,73,1,14,4,0,0,1
"2753",184,69,0,14,1,0,0,1
"2754",220,68,0,10,3,0,0,1
"2755",148,65,1,5,1,0,0,1
"2756",142,67,0,11,5,1,0,1
"2757",195,73,1,7,4,0,0,1
"2758",254,76,1,11,1,0,0,1
"2759",125,60,0,14,1,0,1,0
"2760",123,63,0,12,4,1,0,0
"2761",190,60,1,0,4,1,0,0
"2762",160,66,1,7,4,0,1,0
"2763",250,68,0,11,2,1,0,1
"2764",145,63,0,12,1,0,0,1
"2765",185,69,1,17,2,0,1,0
"2766",185,63,0,10,1,0,0,0
"2767",160,68,0,12,1,0,1,0
"2768",112,62,0,12,3,0,1,0
"2769",125,61,0,4,1,0,0,1
"2770",NA,66,0,13,1,0,1,0
"2771",185,73,1,17,3,0,1,0
"2772",134,60,0,4,1,0,0,1
"2773",180,66,0,12,3,0,0,1
"2774",149,63,0,12,1,0,1,0
"2775",103,61,0,14,4,0,0,1
"2776",170,66,1,8,3,0,0,1
"2777",157,67,1,12,4,0,0,1
"2778",130,62,0,11,1,0,1,0
"2779",180,73,1,14,4,0,1,0
"2780",135,63,1,14,5,0,1,0
"2781",196,66,1,8,5,0,0,1
"2782",199,67,0,16,2,0,1,0
"2783",191,71,1,8,3,0,1,0
"2784",174,64,0,16,1,0,0,1
"2785",155,62,0,1,1,0,0,1
"2786",243,65,0,8,2,0,1,0
"2787",120,62,0,13,2,0,1,0
"2788",117,63,0,12,3,0,1,0
"2789",200,68,0,8,1,0,1,0
"2790",189,66,0,5,2,0,0,1
"2791",115,62,0,12,5,0,1,0
"2792",196,71,1,12,3,0,1,0
"2793",140,63,0,16,3,0,1,0
"2794",150,67,0,12,3,1,0,1
"2795",140,71,1,15,3,0,1,0
"2796",125,62,0,7,4,0,1,0
"2797",185,72,1,8,3,0,1,0
"2798",178,71,1,16,2,0,1,0
"2799",185,72,1,17,3,0,0,1
"2800",NA,68,0,8,5,0,1,0
"2801",149,60,0,12,5,0,1,0
"2802",175,66,1,11,5,0,1,0
"2803",150,60,0,4,1,0,1,0
"2804",210,68,1,12,5,1,1,0
"2805",195,62,0,8,3,0,1,0
"2806",160,63,0,9,1,0,0,1
"2807",148,62,0,6,1,0,0,0
"2808",118,63,0,14,4,1,1,0
"2809",140,61,0,13,5,0,1,0
"2810",142,70,1,12,1,0,1,0
"2811",203,68,1,13,3,0,0,0
"2812",120,64,0,12,3,0,1,0
"2813",158,71,1,11,1,0,1,0
"2814",190,71,1,8,5,0,1,0
"2815",145,65,0,12,4,0,1,0
"2816",124,63,0,11,1,1,1,0
"2817",145,65,1,12,3,0,1,0
"2818",145,71,1,13,5,0,0,0
"2819",260,67,0,13,1,0,1,0
"2820",240,76,1,12,5,0,1,0
"2821",116,67,0,13,2,0,1,0
"2822",210,70,0,9,3,0,0,0
"2823",114,64,0,12,5,0,1,0
"2824",127,64,0,12,5,0,1,0
"2825",155,68,1,12,1,0,1,0
"2826",165,64,0,10,1,0,0,1
"2827",142,65,0,10,5,0,1,0
"2828",185,67,0,17,3,0,0,1
"2829",180,NA,0,8,1,0,0,1
"2830",172,64,0,16,1,0,1,0
"2831",168,65,0,12,5,0,1,0
"2832",127,63,0,14,5,0,1,0
"2833",118,63,0,7,1,1,0,1
"2834",145,74,1,4,3,1,0,1
"2835",145,69,1,16,5,0,1,0
"2836",117,63,0,9,3,0,1,0
"2837",190,65,1,14,1,0,1,0
"2838",180,73,1,16,5,0,1,0
"2839",150,69,1,14,3,0,1,0
"2840",123,63,0,12,5,0,1,0
"2841",178,66,1,16,5,0,1,0
"2842",197,72,1,16,5,0,1,0
"2843",NA,64,0,16,1,0,0,0
"2844",150,64,0,10,4,0,1,0
"2845",160,64,0,1,1,0,0,0
"2846",120,60,0,0,5,1,0,0
"2847",165,64,0,11,3,0,0,1
"2848",107,61,0,14,5,0,0,1
"2849",129,61,0,12,1,0,0,1
"2850",184,67,1,10,3,0,1,0
"2851",200,70,1,12,4,0,0,1
"2852",228,75,1,14,4,0,1,0
"2853",97,59,0,0,1,0,0,0
"2854",120,62,0,9,1,0,0,0
"2855",NA,NA,1,12,4,0,0,1
"2856",159,62,0,0,3,1,0,0
"2857",100,58,0,16,3,0,0,0
"2858",150,69,1,16,4,0,1,0
"2859",150,60,0,17,4,0,0,0
"2860",134,62,0,12,1,0,1,0
"2861",127,64,0,5,1,0,1,0
"2862",200,65,0,9,3,0,1,0
"2863",148,66,1,8,1,0,1,0
"2864",123,66,0,12,1,0,1,0
"2865",215,68,1,12,2,0,0,1
"2866",145,69,1,13,3,0,1,0
"2867",156,66,0,17,2,0,1,0
"2868",175,69,0,17,5,0,1,0
"2869",180,71,1,17,4,0,1,0
"2870",105,60,0,12,5,0,1,0
"2871",142,61,1,0,1,0,0,0
"2872",190,70,1,8,3,0,1,0
"2873",185,67,1,8,5,0,1,0
"2874",210,75,1,16,2,0,1,0
"2875",93,59,0,11,1,0,1,0
"2876",150,63,0,13,3,0,1,0
"2877",183,66,1,12,1,0,0,0
"2878",160,67,0,12,3,0,1,0
"2879",162,60,0,0,1,0,0,0
"2880",165,67,1,17,2,0,1,0
"2881",125,63,0,12,3,0,0,0
"2882",135,62,0,12,4,0,1,0
"2883",135,63,0,14,1,0,1,0
"2884",185,73,1,10,3,0,0,1
"2885",190,71,0,11,1,1,1,0
"2886",138,60,0,7,3,0,0,0
"2887",122,62,0,8,3,0,0,0
"2888",129,56,0,8,1,0,0,0
"2889",118,66,0,11,3,0,1,0
"2890",200,67,0,10,1,0,0,1
"2891",119,65,0,5,1,0,0,1
"2892",165,66,0,16,1,0,1,0
"2893",NA,NA,0,5,1,0,0,1
"2894",180,73,1,12,2,0,1,0
"2895",260,73,1,14,2,0,1,0
"2896",160,64,0,12,1,0,1,0
"2897",130,62,0,7,4,0,1,0
"2898",115,64,0,11,2,0,1,0
"2899",180,62,0,8,1,0,1,0
"2900",140,66,0,12,1,0,1,0
"2901",180,67,0,12,5,0,1,0
"2902",170,71,1,17,4,0,0,1
"2903",85,62,0,12,2,0,1,0
"2904",210,66,0,12,3,0,1,0
"2905",200,71,1,12,5,0,0,1
"2906",160,68,1,16,4,0,1,0
"2907",175,71,1,14,4,0,1,0
"2908",165,67,1,16,5,0,0,0
"2909",190,76,1,14,5,0,1,0
"2910",150,63,0,12,4,0,1,0
"2911",160,63,0,12,3,1,1,0
"2912",140,61,0,17,5,0,1,0
"2913",153,63,1,11,4,0,0,1
"2914",196,78,1,7,2,0,0,1
"2915",350,77,1,15,3,0,1,0
"2916",125,63,0,8,3,0,0,1
"2917",180,68,1,5,4,0,0,1
"2918",164,71,1,14,2,0,1,0
"2919",221,71,1,3,3,0,0,1
"2920",114,62,0,7,2,0,1,0
"2921",195,69,1,12,5,0,1,0
"2922",151,63,0,9,2,0,1,0
"2923",180,72,1,7,3,0,1,0
"2924",168,66,0,14,2,0,0,1
"2925",190,72,1,10,4,0,0,1
"2926",174,70,1,17,5,0,0,1
"2927",187,73,1,16,3,0,1,0
"2928",167,69,1,8,2,0,1,0
"2929",135,65,0,12,5,0,1,0
"2930",120,64,0,13,3,0,1,0
"2931",134,63,0,8,3,0,0,1
"2932",165,65,0,11,1,0,0,1
"2933",118,62,0,12,1,0,1,0
"2934",203,63,0,13,4,1,1,0
"2935",200,70,0,12,5,0,0,1
"2936",200,64,0,10,3,0,1,0
"2937",180,67,1,12,1,0,1,0
"2938",140,58,0,17,3,0,0,1
"2939",130,68,1,14,3,0,0,1
"2940",260,66,0,8,1,0,0,1
"2941",100,62,0,12,3,1,0,0
"2942",155,66,0,12,3,0,0,1
"2943",145,65,0,16,5,0,1,0
"2944",165,60,0,8,3,0,1,0
"2945",138,61,0,11,2,0,1,0
"2946",129,NA,0,4,1,0,0,0
"2947",190,69,1,12,2,0,0,1
"2948",130,67,0,12,3,1,0,1
"2949",140,59,0,9,1,0,1,0
"2950",142,65,0,12,3,0,1,0
"2951",118,64,0,17,2,0,0,0
"2952",224,65,0,14,4,0,0,1
"2953",154,62,0,12,1,0,0,1
"2954",160,67,0,12,3,0,0,1
"2955",140,63,0,13,5,0,1,0
"2956",150,62,1,14,1,0,0,1
"2957",180,68,1,16,3,0,0,1
"2958",155,72,1,12,3,0,1,0
"2959",118,64,0,12,1,0,1,0
"2960",140,67,0,12,2,0,1,0
"2961",117,62,0,8,3,0,1,0
"2962",195,71,1,7,2,0,0,1
"2963",170,63,0,12,4,0,1,0
"2964",144,65,0,12,1,0,1,0
"2965",140,70,1,16,4,0,1,0
"2966",140,66,0,9,3,0,1,0
"2967",210,70,1,12,4,0,1,0
"2968",175,69,1,17,3,0,1,0
"2969",130,65,1,11,3,0,1,0
"2970",220,71,1,17,2,0,1,0
"2971",145,67,1,11,4,0,1,0
"2972",136,65,0,10,4,1,0,1
"2973",150,68,0,16,3,0,1,0
"2974",160,67,1,16,3,0,1,0
"2975",123,65,0,12,1,0,1,0
"2976",190,74,1,17,3,0,1,0
"2977",160,67,0,12,1,0,1,0
"2978",145,67,0,17,3,0,1,0
"2979",190,71,1,15,3,0,1,0
"2980",195,67,1,14,1,0,0,1
"2981",175,71,1,14,1,0,0,1
"2982",145,70,1,13,5,0,1,0
"2983",180,71,1,12,4,0,1,0
"2984",100,58,0,0,1,0,0,0
"2985",108,63,0,12,1,0,1,0
"2986",189,69,1,12,2,0,1,0
"2987",162,66,1,8,1,0,1,0
"2988",187,75,1,12,3,0,1,0
"2989",190,75,1,14,3,0,1,0
"2990",178,68,1,13,5,0,1,0
"2991",168,64,0,17,2,0,0,0
"2992",160,70,1,12,3,0,1,0
"2993",155,71,1,12,5,0,1,0
"2994",105,62,0,14,2,0,1,0
"2995",130,64,0,13,3,0,1,0
"2996",170,70,1,13,2,0,1,0
"2997",120,59,0,11,5,0,1,0
"2998",175,59,0,9,1,0,1,0
"2999",140,63,1,12,2,0,1,0
"3000",160,64,0,12,3,0,0,1
"3001",200,71,1,12,3,0,1,0
"3002",175,75,1,8,2,0,0,1
"3003",145,63,0,12,3,0,1,0
"3004",145,65,0,12,3,0,1,0
"3005",135,63,0,12,1,0,1,0
"3006",160,65,1,7,3,0,1,0
"3007",167,66,1,1,1,1,0,0
"3008",181,65,0,5,3,0,0,0
"3009",162,65,0,12,3,0,1,0
"3010",228,58,0,1,1,0,0,1
"3011",173,60,0,10,5,0,0,1
"3012",170,63,0,8,2,0,1,0
"3013",127,63,0,9,3,0,1,0
"3014",185,67,0,13,1,0,1,0
"3015",168,70,0,9,3,0,1,0
"3016",116,63,0,12,5,0,1,0
"3017",162,66,0,8,2,0,1,0
"3018",141,61,0,8,1,0,0,1
"3019",100,66,0,12,1,0,0,1
"3020",182,71,1,14,1,0,0,1
"3021",118,60,0,13,2,0,0,1
"3022",180,68,0,6,1,0,0,1
"3023",NA,72,1,6,2,0,1,0
"3024",163,69,1,9,1,0,0,1
"3025",140,60,0,5,1,0,0,1
"3026",170,69,1,2,3,0,1,0
"3027",205,66,1,17,2,0,1,0
"3028",160,63,0,12,5,0,1,0
"3029",160,65,0,13,2,1,1,0
"3030",150,67,1,10,3,0,0,1
"3031",160,67,0,12,3,0,0,1
"3032",180,66,0,4,1,1,0,1
"3033",135,62,0,10,4,0,1,0
"3034",230,73,1,13,2,0,1,0
"3035",147,65,0,13,1,0,1,0
"3036",187,71,1,12,1,0,1,0
"3037",115,63,0,12,1,1,0,1
"3038",160,60,0,10,5,0,1,0
"3039",165,73,1,5,2,0,1,0
"3040",185,75,1,17,5,0,1,0
"3041",192,75,1,11,5,0,0,1
"3042",133,61,0,8,3,0,1,0
"3043",145,68,0,12,1,0,1,0
"3044",165,66,0,12,5,0,1,0
"3045",200,63,0,17,3,0,1,0
"3046",200,71,1,12,2,0,1,0
"3047",170,64,0,14,1,0,0,0
"3048",190,71,1,8,3,0,1,0
"3049",210,69,1,14,5,0,1,0
"3050",200,59,0,11,1,0,1,0
"3051",130,65,0,16,1,0,1,0
"3052",220,73,1,17,1,0,1,0
"3053",250,69,0,10,1,0,0,1
"3054",190,66,1,7,1,0,0,1
"3055",140,65,0,12,4,0,1,0
"3056",145,62,0,9,2,0,1,0
"3057",185,71,1,12,5,0,1,0
"3058",145,65,0,12,1,0,1,0
"3059",146,63,0,7,2,1,1,0
"3060",143,62,0,7,1,0,0,1
"3061",138,48,0,10,3,0,0,1
"3062",142,65,0,12,2,0,0,0
"3063",176,65,0,15,5,0,0,1
"3064",200,67,1,8,1,0,1,0
"3065",182,67,1,14,1,0,0,0
"3066",126,63,0,12,3,0,1,0
"3067",120,63,0,12,5,0,1,0
"3068",197,74,1,16,2,0,1,0
"3069",140,72,1,8,2,0,1,0
"3070",120,67,0,11,5,0,1,0
"3071",105,61,0,12,2,0,1,0
"3072",165,63,0,11,2,0,1,0
"3073",190,64,0,13,1,0,1,0
"3074",132,62,0,12,1,0,1,0
"3075",200,69,1,12,3,0,1,0
"3076",115,59,0,12,5,0,1,0
"3077",120,63,0,12,4,0,1,0
"3078",180,67,1,8,3,0,1,0
"3079",200,72,1,12,5,0,1,0
"3080",170,66,0,10,1,0,0,1
"3081",140,67,1,14,2,0,0,1
"3082",175,69,1,12,1,0,0,1
"3083",180,73,1,11,1,0,0,1
"3084",160,72,1,3,5,0,1,0
"3085",145,66,1,12,4,0,0,1
"3086",130,67,0,13,5,0,1,0
"3087",105,64,0,13,3,0,1,0
"3088",190,72,1,16,4,0,1,0
"3089",175,67,0,17,3,0,1,0
"3090",187,73,1,17,1,0,1,0
"3091",128,66,0,14,5,0,1,0
"3092",135,63,0,8,3,1,0,0
"3093",165,70,1,17,5,0,1,0
"3094",161,69,1,12,3,0,1,0
"3095",145,66,0,12,4,0,1,0
"3096",160,71,1,5,2,0,0,1
"3097",200,74,1,16,4,0,0,1
"3098",145,67,1,13,2,0,0,1
"3099",145,66,0,12,1,0,1,0
"3100",150,63,0,17,4,0,0,1
"3101",129,63,0,7,2,0,1,0
"3102",182,66,0,6,3,0,0,1
"3103",150,64,1,9,3,0,0,0
"3104",142,71,1,11,5,0,0,1
"3105",150,66,0,10,3,0,1,0
"3106",192,71,1,13,2,0,0,1
"3107",125,63,0,15,3,0,0,1
"3108",185,73,1,9,2,0,0,1
"3109",205,72,1,13,3,0,0,1
"3110",155,63,0,12,5,0,1,0
"3111",165,68,0,14,3,0,1,0
"3112",NA,65,0,16,3,0,1,0
"3113",170,65,1,12,4,0,1,0
"3114",190,62,0,9,4,1,0,1
"3115",173,65,0,12,1,0,0,1
"3116",135,63,0,12,2,0,1,0
"3117",260,68,0,3,1,0,0,0
"3118",135,67,0,12,3,0,1,0
"3119",145,67,0,12,3,0,1,0
"3120",150,67,1,9,2,0,1,0
"3121",185,73,1,12,3,0,1,0
"3122",145,62,0,16,2,0,1,0
"3123",155,61,0,7,1,0,0,0
"3124",185,72,1,13,3,0,1,0
"3125",165,66,1,10,2,0,0,1
"3126",155,60,0,12,1,0,0,1
"3127",185,74,1,14,4,0,1,0
"3128",180,69,1,17,3,0,1,0
"3129",187,71,1,11,3,0,0,1
"3130",170,68,1,10,3,0,1,0
"3131",135,69,0,14,4,0,1,0
"3132",185,69,1,12,4,0,1,0
"3133",197,69,0,12,3,0,0,0
"3134",170,66,1,10,3,0,0,1
"3135",185,66,1,11,1,0,1,0
"3136",120,63,0,12,4,0,0,1
"3137",210,65,0,12,3,0,0,1
"3138",160,67,0,12,2,0,1,0
"3139",160,61,0,0,1,0,0,0
"3140",132,71,1,12,5,0,1,0
"3141",118,63,0,12,5,0,1,0
"3142",175,74,1,17,4,0,1,0
"3143",195,73,1,12,3,0,1,0
"3144",180,63,0,8,3,0,0,0
"3145",185,67,0,14,2,0,1,0
"3146",182,69,1,14,4,0,1,0
"3147",125,64,0,14,5,0,1,0
"3148",173,71,1,17,4,0,1,0
"3149",174,67,0,14,5,0,1,0
"3150",140,63,0,11,4,0,0,1
"3151",105,63,0,12,5,0,1,0
"3152",140,65,0,14,3,0,1,0
"3153",130,62,0,12,5,1,0,1
"3154",176,73,1,8,5,0,1,0
"3155",108,60,0,8,3,0,1,0
"3156",NA,61,0,16,5,0,1,0
"3157",129,65,0,12,5,0,1,0
"3158",175,71,1,15,5,0,0,1
"3159",170,69,1,12,1,0,0,1
"3160",170,71,1,10,2,0,1,0
"3161",120,64,0,14,5,0,1,0
"3162",180,75,1,13,1,0,1,0
"3163",140,63,0,12,5,0,1,0
"3164",170,71,1,9,3,0,1,0
"3165",170,66,0,15,4,0,1,0
"3166",153,65,0,8,3,0,0,1
"3167",133,64,1,12,1,0,0,1
"3168",170,68,1,17,3,0,1,0
"3169",150,69,1,12,3,0,1,0
"3170",200,65,0,14,1,1,0,1
"3171",131,63,0,12,1,0,1,0
"3172",100,69,1,17,1,0,1,0
"3173",150,59,0,5,1,0,1,0
"3174",175,62,0,5,1,0,0,1
"3175",151,64,0,12,1,0,0,1
"3176",199,72,1,12,3,0,1,0
"3177",277,74,1,11,2,0,0,1
"3178",150,67,0,12,1,0,0,1
"3179",175,67,1,11,1,0,0,1
"3180",140,63,0,3,1,0,0,1
"3181",126,66,0,16,5,0,1,0
"3182",132,NA,0,11,1,0,0,1
"3183",100,62,0,16,1,0,1,0
"3184",163,71,1,13,4,0,1,0
"3185",220,69,1,14,3,0,1,0
"3186",135,66,0,14,5,0,0,1
"3187",120,65,0,8,1,0,1,0
"3188",170,62,0,12,3,0,1,0
"3189",170,67,1,13,2,0,0,1
"3190",153,66,1,14,5,0,0,1
"3191",165,72,1,14,2,0,1,0
"3192",125,65,0,12,5,0,1,0
"3193",NA,64,0,12,2,0,0,1
"3194",150,65,0,17,5,0,0,1
"3195",160,66,0,12,1,0,0,1
"3196",170,71,1,12,1,0,0,1
"3197",160,69,0,16,1,0,0,1
"3198",170,66,1,10,5,0,1,0
"3199",98,62,0,15,3,0,1,0
"3200",140,63,0,13,2,0,1,0
"3201",195,72,1,14,5,0,0,1
"3202",165,67,0,14,2,0,0,1
"3203",130,65,0,12,4,0,0,1
"3204",150,63,1,17,3,0,1,0
"3205",NA,NA,1,12,1,0,0,1
"3206",145,65,0,11,3,0,0,1
"3207",135,61,0,8,1,0,0,1
"3208",170,71,1,16,3,0,0,1
"3209",165,67,1,17,1,0,0,1
"3210",174,69,1,8,1,0,0,1
"3211",162,66,1,7,1,0,0,1
"3212",235,69,1,13,4,0,1,0
"3213",178,71,1,12,3,0,1,0
"3214",165,68,1,13,3,0,1,0
"3215",103,62,0,13,2,0,1,0
"3216",163,68,1,16,1,0,1,0
"3217",200,68,1,12,3,0,1,0
"3218",170,63,0,12,4,0,1,0
"3219",135,65,0,15,1,0,1,0
"3220",230,69,1,11,1,0,1,0
"3221",127,67,0,11,3,1,0,1
"3222",128,63,0,8,1,0,0,1
"3223",145,65,0,12,1,0,0,1
"3224",121,66,0,12,1,0,1,0
"3225",175,66,1,7,1,0,1,0
"3226",192,68,1,12,2,0,1,0
"3227",165,66,0,16,1,0,0,1
"3228",200,71,1,9,3,0,0,1
"3229",155,71,1,8,1,0,0,1
"3230",223,68,1,5,1,0,0,1
"3231",155,67,0,12,3,0,0,1
"3232",150,NA,1,6,3,0,0,0
"3233",200,NA,0,2,5,0,0,0
"3234",NA,NA,0,0,3,0,0,0
"3235",150,68,1,11,1,0,0,0
"3236",190,66,0,9,5,1,0,0
"3237",164,67,1,6,1,1,0,0
"3238",162,60,0,12,4,0,0,0
"3239",150,70,1,12,3,0,1,0
"3240",140,62,0,12,4,0,1,0
"3241",131,65,0,13,2,0,1,0
"3242",166,71,1,13,5,0,1,0
"3243",160,71,1,17,3,0,1,0
"3244",202,72,1,17,4,0,1,0
"3245",195,71,1,17,2,0,1,0
"3246",186,65,0,11,1,0,0,1
"3247",160,71,1,12,2,0,1,0
"3248",170,69,1,14,5,0,1,0
"3249",130,61,0,16,3,0,1,0
"3250",147,64,0,15,3,0,1,0
"3251",160,62,1,8,3,0,1,0
"3252",130,60,0,16,3,0,0,0
"3253",130,64,0,8,1,0,0,1
"3254",195,68,1,6,4,0,0,1
"3255",185,66,0,14,3,0,1,0
"3256",127,65,0,14,5,0,1,0
"3257",160,70,1,14,5,0,1,0
"3258",130,62,0,14,3,0,1,0
"3259",NA,65,0,15,4,0,0,0
"3260",180,64,0,12,2,0,1,0
"3261",139,58,0,13,3,0,1,0
"3262",159,64,0,9,3,0,0,1
"3263",120,60,0,12,1,0,0,1
"3264",157,65,0,11,1,0,0,1
"3265",118,63,0,12,1,0,0,1
"3266",175,62,0,17,2,0,0,1
"3267",142,69,0,16,2,0,1,0
"3268",114,59,0,8,1,0,0,0
"3269",195,66,1,9,1,0,1,0
"3270",185,73,1,16,3,0,1,0
"3271",230,67,1,6,2,0,1,0
"3272",200,60,0,14,1,0,0,1
"3273",127,56,0,5,1,0,0,0
"3274",215,69,1,13,1,0,1,0
"3275",200,71,1,17,3,0,1,0
"3276",168,71,1,15,3,0,0,0
"3277",174,69,0,11,3,1,0,1
"3278",145,64,0,12,1,0,0,1
"3279",130,61,0,12,1,0,0,0
"3280",180,74,1,13,3,0,1,0
"3281",175,72,1,17,4,0,1,0
"3282",115,62,0,15,3,0,1,0
"3283",145,65,0,12,2,0,0,1
"3284",200,64,0,6,1,1,1,0
"3285",190,67,1,12,4,0,1,0
"3286",146,67,1,11,1,0,0,1
"3287",163,62,0,12,2,0,0,1
"3288",183,72,1,14,5,0,1,0
"3289",293,76,1,12,3,0,1,0
"3290",185,73,1,10,5,0,0,0
"3291",140,66,0,8,4,0,0,0
"3292",150,64,0,12,3,0,0,1
"3293",155,69,1,1,1,1,0,1
"3294",290,63,0,8,1,1,0,1
"3295",135,63,1,14,5,0,0,0
"3296",165,66,0,16,3,0,0,0
"3297",185,69,0,12,5,0,0,0
"3298",138,65,1,5,3,0,0,0
"3299",160,65,1,17,4,0,1,0
"3300",220,75,1,12,4,0,1,0
"3301",190,71,1,12,5,0,1,0
"3302",125,63,0,13,1,0,1,0
"3303",150,73,1,16,3,0,1,0
"3304",211,62,0,5,1,0,0,1
"3305",143,66,1,11,5,0,0,1
"3306",215,75,1,14,2,0,0,0
"3307",250,69,0,12,1,0,1,0
"3308",140,65,0,7,5,0,1,0
"3309",178,68,0,11,1,0,0,1
"3310",176,71,1,13,3,0,1,0
"3311",115,65,0,12,5,0,1,0
"3312",158,71,1,12,2,0,0,1
"3313",200,65,0,14,4,0,1,0
"3314",110,61,0,12,5,0,1,0
"3315",138,68,0,16,3,0,1,0
"3316",193,72,1,12,1,0,1,0
"3317",180,70,1,12,1,0,1,0
"3318",227,60,1,16,5,0,1,0
"3319",125,65,0,13,3,0,1,0
"3320",97,65,0,8,1,0,1,0
"3321",238,62,0,8,1,0,0,0
"3322",109,65,1,6,4,0,0,0
"3323",205,72,1,16,3,0,0,0
"3324",130,NA,0,0,3,0,0,0
"3325",110,NA,0,3,3,1,0,0
"3326",145,59,0,12,5,0,1,0
"3327",135,61,0,12,5,0,1,0
"3328",170,63,0,14,3,0,1,0
"3329",175,68,1,12,5,0,1,0
"3330",115,61,1,11,5,0,0,1
"3331",118,64,0,10,1,0,0,1
"3332",138,63,0,15,1,1,0,1
"3333",112,59,0,9,1,0,1,0
"3334",181,68,0,12,5,0,1,0
"3335",187,73,1,12,1,0,0,1
"3336",205,71,1,16,5,0,1,0
"3337",125,62,0,16,5,0,1,0
"3338",235,78,1,14,5,0,0,1
"3339",130,61,0,13,1,0,0,1
"3340",115,65,0,14,3,0,0,1
"3341",250,66,0,11,1,0,1,0
"3342",121,60,0,16,3,0,1,0
"3343",169,60,0,9,3,1,0,0
"3344",200,64,0,13,1,1,0,1
"3345",120,66,0,12,3,0,1,0
"3346",142,63,0,10,3,0,1,0
"3347",105,65,0,9,4,0,1,0
"3348",120,62,0,12,1,0,1,0
"3349",208,74,1,16,2,0,1,0
"3350",165,71,1,14,1,0,1,0
"3351",175,69,1,17,4,0,1,0
"3352",182,69,1,12,1,0,1,0
"3353",106,62,0,11,5,0,1,0
"3354",197,65,0,15,1,1,0,1
"3355",136,67,0,16,3,0,0,1
"3356",175,71,1,12,3,0,0,1
"3357",215,69,1,10,4,0,1,0
"3358",140,63,0,11,3,0,1,0
"3359",134,65,0,14,1,0,1,0
"3360",123,65,0,16,4,0,1,0
"3361",198,64,0,13,1,0,0,1
"3362",260,63,0,8,2,0,0,1
"3363",175,69,1,17,5,0,1,0
"3364",160,67,1,12,4,0,1,0
"3365",140,65,0,12,1,0,1,0
"3366",190,73,1,16,1,0,1,0
"3367",175,68,1,16,4,0,1,0
"3368",145,73,1,17,3,0,1,0
"3369",185,66,1,11,5,0,0,1
"3370",185,61,0,8,1,0,1,0
"3371",105,63,0,17,4,0,1,0
"3372",190,66,1,4,1,0,0,0
"3373",175,68,1,17,3,0,0,1
"3374",116,65,0,7,1,0,0,1
"3375",200,65,0,12,3,0,1,0
"3376",124,66,0,13,1,0,1,0
"3377",104,62,0,12,2,0,1,0
"3378",163,71,1,14,3,0,0,1
"3379",158,59,0,11,3,0,0,1
"3380",185,74,1,13,5,0,1,0
"3381",142,67,0,11,5,0,0,1
"3382",110,61,0,8,1,0,1,0
"3383",113,61,0,12,1,0,1,0
"3384",228,63,0,11,2,0,0,1
"3385",130,61,0,11,2,1,1,0
"3386",130,61,0,12,3,0,0,0
"3387",125,64,0,12,2,0,1,0
"3388",180,67,1,6,3,0,1,0
"3389",150,65,1,8,2,0,0,1
"3390",146,66,1,17,3,0,1,0
"3391",130,65,0,12,4,0,1,0
"3392",268,76,1,11,5,0,0,1
"3393",160,71,1,15,3,0,1,0
"3394",185,70,1,12,5,0,1,0
"3395",142,61,0,12,1,0,0,0
"3396",175,65,0,16,2,0,1,0
"3397",204,71,1,17,3,0,1,0
"3398",180,66,0,9,1,0,0,0
"3399",220,72,1,16,4,0,0,1
"3400",164,68,1,12,5,0,0,1
"3401",145,62,0,14,5,0,0,1
"3402",223,63,0,12,2,0,1,0
"3403",190,71,1,12,2,0,1,0
"3404",218,71,0,12,1,1,0,1
"3405",160,64,0,10,1,0,1,0
"3406",210,68,1,12,1,0,1,0
"3407",150,64,0,12,3,0,1,0
"3408",135,66,1,17,5,0,1,0
"3409",160,63,0,16,1,0,0,1
"3410",165,66,0,17,1,0,1,0
"3411",208,70,1,9,4,0,0,1
"3412",190,71,1,10,2,0,1,0
"3413",180,68,1,16,5,0,1,0
"3414",110,63,0,14,4,0,1,0
"3415",165,72,1,12,2,0,1,0
"3416",190,69,1,12,3,0,1,0
"3417",130,65,1,17,2,0,0,0
"3418",190,66,1,12,5,0,1,0
"3419",160,67,1,8,5,0,1,0
"3420",115,60,0,17,2,0,0,0
"3421",147,66,0,12,1,0,1,0
"3422",114,64,0,13,2,0,1,0
"3423",186,72,1,17,5,0,1,0
"3424",165,69,1,14,5,0,0,1
"3425",185,70,1,13,5,0,1,0
"3426",150,65,1,16,2,0,1,0
"3427",205,59,0,14,3,0,0,1
"3428",110,61,0,12,3,0,0,1
"3429",185,69,1,10,5,0,1,0
"3430",115,60,0,12,1,0,1,0
"3431",125,66,0,14,3,0,1,0
"3432",130,64,0,14,4,0,1,0
"3433",184,69,1,12,5,0,1,0
"3434",120,65,0,17,2,0,1,0
"3435",130,64,0,12,4,0,1,0
"3436",169,62,0,12,5,0,1,0
"3437",150,74,1,12,5,0,1,0
"3438",140,69,1,15,4,0,0,1
"3439",235,69,1,15,4,0,0,1
"3440",135,66,0,16,5,0,1,0
"3441",164,66,0,14,2,0,1,0
"3442",135,70,1,16,2,0,0,1
"3443",175,60,0,12,1,0,1,0
"3444",140,69,1,12,4,0,0,1
"3445",249,71,1,16,2,0,0,0
"3446",148,69,0,16,4,0,1,0
"3447",120,62,0,12,2,0,1,0
"3448",200,68,1,12,5,0,1,0
"3449",145,65,1,17,2,0,1,0
"3450",200,63,0,8,5,0,1,0
"3451",148,68,1,17,5,0,1,0
"3452",150,64,0,14,5,0,1,0
"3453",155,67,1,12,5,0,1,0
"3454",174,67,0,9,1,0,0,1
"3455",155,65,0,12,2,0,1,0
"3456",175,64,0,2,2,0,0,0
"3457",150,69,0,17,3,0,0,0
"3458",178,70,1,12,3,0,1,0
"3459",130,NA,0,7,2,0,0,1
"3460",150,67,0,12,3,0,0,1
"3461",132,63,0,12,3,0,1,0
"3462",185,69,1,10,1,0,1,0
"3463",200,65,0,16,4,0,1,0
"3464",168,72,1,14,3,0,1,0
"3465",94,59,0,12,5,0,1,0
"3466",133,56,0,6,1,0,1,0
"3467",155,64,0,12,3,0,1,0
"3468",141,62,0,12,3,0,1,0
"3469",130,68,0,9,1,0,1,0
"3470",190,69,1,12,3,0,1,0
"3471",178,70,1,9,3,0,1,0
"3472",100,60,0,14,2,0,1,0
"3473",122,59,0,9,1,0,1,0
"3474",135,63,0,13,3,0,1,0
"3475",126,67,0,13,5,0,0,1
"3476",165,69,1,12,1,0,0,1
"3477",146,67,0,12,1,1,0,1
"3478",175,73,1,0,1,0,0,1
"3479",180,63,0,9,1,0,0,1
"3480",125,69,1,14,2,0,0,1
"3481",160,72,1,17,4,0,0,1
"3482",143,62,0,12,1,0,1,0
"3483",170,69,1,12,2,0,1,0
"3484",130,65,0,16,4,0,1,0
"3485",143,67,0,16,4,0,0,1
"3486",160,68,1,16,3,0,1,0
"3487",168,60,1,17,4,0,0,0
"3488",195,72,1,12,1,0,0,1
"3489",156,65,1,12,3,0,0,1
"3490",135,67,1,10,2,0,0,1
"3491",140,69,0,3,1,0,0,1
"3492",121,60,0,8,4,0,1,0
"3493",200,64,0,12,2,0,0,1
"3494",155,64,0,17,2,0,0,1
"3495",198,65,0,12,1,0,0,1
"3496",155,73,1,11,1,0,0,1
"3497",198,65,1,10,4,0,0,1
"3498",225,69,1,13,3,0,1,0
"3499",220,65,0,15,3,0,1,0
"3500",165,68,1,12,5,0,1,0
"3501",132,62,0,12,1,0,0,1
"3502",123,65,0,16,2,0,1,0
"3503",170,68,0,15,1,0,0,1
"3504",150,64,0,10,1,0,0,1
"3505",157,67,1,3,1,0,0,1
"3506",125,61,0,14,1,0,1,0
"3507",142,66,0,8,1,0,1,0
"3508",135,66,1,14,4,0,1,0
"3509",115,66,0,8,1,0,1,0
"3510",160,69,1,11,1,0,1,0
"3511",185,76,1,14,1,0,1,0
"3512",132,61,0,13,3,0,1,0
"3513",126,67,0,16,5,0,1,0
"3514",145,63,0,16,5,0,1,0
"3515",102,63,0,12,4,0,1,0
"3516",176,62,0,12,1,0,0,1
"3517",125,65,1,12,2,0,1,0
"3518",225,61,0,10,1,0,1,0
"3519",158,71,1,10,4,0,0,1
"3520",210,64,0,3,1,0,0,1
"3521",142,60,0,12,3,0,1,0
"3522",NA,66,0,12,1,0,1,0
"3523",168,69,1,12,2,0,1,0
"3524",148,70,1,10,3,0,1,0
"3525",125,62,0,13,3,0,1,0
"3526",130,60,0,6,1,0,0,0
"3527",122,62,0,0,1,0,0,0
"3528",216,59,0,14,4,0,0,1
"3529",109,60,0,14,1,0,1,0
"3530",120,64,0,15,3,0,1,0
"3531",155,61,1,17,3,0,0,0
"3532",130,62,0,8,1,0,1,0
"3533",160,66,1,17,1,0,1,0
"3534",150,69,0,17,4,0,1,0
"3535",186,71,1,17,5,0,1,0
"3536",110,64,0,12,5,0,1,0
"3537",180,72,1,16,4,0,1,0
"3538",129,63,0,11,3,0,1,0
"3539",200,73,1,4,2,0,0,0
"3540",218,63,0,6,5,0,0,1
"3541",130,65,0,5,1,0,0,1
"3542",140,62,0,9,3,0,0,1
"3543",130,64,0,7,3,0,0,1
"3544",135,63,0,12,2,0,0,1
"3545",165,70,1,16,2,0,1,0
"3546",140,68,0,14,5,0,1,0
"3547",155,68,0,10,2,0,1,0
"3548",126,64,0,12,5,0,1,0
"3549",177,65,0,10,1,0,0,1
"3550",134,60,0,10,2,0,1,0
"3551",196,65,1,12,2,0,1,0
"3552",170,69,1,12,3,0,0,0
"3553",150,64,0,13,4,0,1,0
"3554",170,70,0,15,1,0,1,0
"3555",165,72,1,17,3,0,1,0
"3556",140,62,0,12,5,0,1,0
"3557",175,69,1,17,5,0,1,0
"3558",120,62,0,12,4,0,1,0
"3559",138,62,0,14,1,0,1,0
"3560",150,63,0,10,5,0,0,1
"3561",135,67,0,15,1,0,1,0
"3562",128,62,0,12,1,0,0,0
"3563",165,66,1,2,3,0,0,0
"3564",140,67,0,7,1,0,0,1
"3565",150,68,1,1,3,0,0,1
"3566",190,66,0,12,3,0,0,0
"3567",160,67,1,17,1,0,0,0
"3568",130,65,0,11,3,0,1,0
"3569",165,69,1,12,3,0,1,0
"3570",168,72,1,13,5,0,0,1
"3571",140,71,1,9,1,0,0,1
"3572",160,66,0,7,4,0,0,1
"3573",103,60,0,16,1,0,0,0
"3574",170,67,1,9,1,0,1,0
"3575",185,74,1,10,4,0,1,0
"3576",201,69,0,12,2,0,0,1
"3577",153,61,0,12,3,0,0,1
"3578",240,73,1,12,3,0,1,0
"3579",170,71,1,15,5,0,1,0
"3580",180,71,1,4,1,0,0,1
"3581",170,69,1,16,3,0,1,0
"3582",134,67,0,12,1,0,0,1
"3583",140,66,0,12,5,0,1,0
"3584",135,63,0,15,5,0,1,0
"3585",113,66,0,11,1,0,1,0
"3586",130,64,0,16,4,0,1,0
"3587",215,73,1,17,3,0,1,0
"3588",143,62,0,12,1,0,1,0
"3589",115,61,0,14,5,0,0,0
"3590",170,61,0,14,1,0,1,0
"3591",125,65,0,16,1,0,0,1
"3592",140,65,0,7,1,1,0,1
"3593",165,61,0,12,5,0,0,1
"3594",180,66,0,17,2,0,1,0
"3595",185,68,0,12,1,0,1,0
"3596",127,61,0,13,3,0,0,0
"3597",200,64,0,12,4,0,1,0
"3598",175,71,1,14,1,0,1,0
"3599",185,64,0,15,5,0,0,1
"3600",180,70,1,14,2,0,0,1
"3601",164,63,0,12,1,0,0,1
"3602",240,78,1,12,3,0,0,1
"3603",125,63,0,11,3,0,0,1
"3604",150,66,1,8,1,0,0,1
"3605",160,67,1,8,1,0,1,0
"3606",170,69,1,9,3,0,0,1
"3607",155,66,1,11,3,0,0,1
"3608",150,68,0,10,1,0,0,1
"3609",140,63,0,12,3,0,0,1
"3610",130,63,0,14,2,0,0,1
"3611",118,64,0,8,1,0,1,0
"3612",195,68,1,13,5,0,1,0
"3613",120,63,0,12,5,0,1,0
"3614",300,75,1,12,1,0,1,0
"3615",160,64,0,13,2,0,0,1
"3616",274,67,1,16,1,0,0,1
"3617",130,63,0,13,3,0,0,1
