Municipality,Establishment Count,VGT Count,Amount Played,Amount Won,Net Wager,Funds In,Funds Out,NTI,NTI Tax Rate (30%),State Share,Municipality Share
Abingdon,4,15,479335.18,443774.12,35561.06,126794,91232.81,35561.19,10668.46,8890.37,1778.09
Addieville,2,9,68418.21,61714.54,6703.67,23553,16849.28,6703.72,2011.19,1675.99,335.2
Addison,19,85,7482850.99,6893027.43,589823.56,2233999,1644193.01,589805.99,176942.7,147452.27,29490.43
Albany,1,5,93737.83,87111,6626.83,33651,27024.17,6626.83,1988.14,1656.78,331.36
Albers,1,3,110417.49,98011.98,12405.51,34309,21903.67,12405.33,3721.64,3101.37,620.27
Albion,3,10,169537.05,154395.66,15141.39,38608,23466.91,15141.09,4542.43,3785.36,757.07
Aledo,3,11,449630.61,415917.46,33713.15,127960,94246.7,33713.3,10114.04,8428.35,1685.69
Alexis,1,2,68827.24,64492.28,4334.96,24030,19695.04,4334.96,1300.45,1083.71,216.74
Algonquin,13,60,2790561.28,2557314.74,233246.54,871009,637762.32,233246.68,69974.7,58312.26,11662.44
Alhambra,2,5,58577.22,52881.62,5695.6,19740,14044.45,5695.55,1708.7,1423.91,284.79
Alorton,1,5,1489189.62,1375918.17,113271.45,437325,324118.08,113206.92,33962.21,28301.84,5660.37
Alsey,1,4,114973.83,106357.91,8615.92,37078,28462.14,8615.86,2584.76,2153.97,430.79
Alsip,12,60,5686704.4,5252940.85,433763.55,1731656,1298345.11,433310.89,129993.55,108327.96,21665.59
Altamont,6,24,690435.73,634257.69,56178.04,186644,130466.16,56177.84,16853.45,14044.56,2808.89
Alton,31,129,7558129.4,6962324.3,595805.1,2147760,1551944.27,595815.73,178745.98,148955.03,29790.95
Altona,1,5,174612.8,160208.39,14404.41,52749,38344.59,14404.41,4321.39,3601.16,720.23
Amboy,6,28,1160391.92,1072826.88,87565.04,329567,242001.86,87565.14,26269.67,21891.4,4378.27
Andalusia,1,3,65773.65,61967.64,3806.01,18395,14588.87,3806.13,1141.89,951.58,190.31
Anna,5,24,1135022.92,1053149.01,81873.91,343002,261128.31,81873.69,24562.4,20468.66,4093.74
Annawan,3,15,684373.95,634542.79,49831.16,229211,179352.15,49858.85,14957.73,12464.77,2492.96
Antioch,12,56,4214972.83,3885840.89,329131.94,1337614,1008481.87,329132.13,98740.29,82283.61,16456.68
Apple River,2,3,19572.52,16227.08,3345.44,4699.5,1354.06,3345.44,1003.64,836.36,167.28
Arcola,2,10,360575.23,326738.58,33836.65,106132,72295.3,33836.7,10151.21,8459.34,1691.87
Arenzville,1,2,35911.11,32474.57,3436.54,10972,7535.29,3436.71,1031.02,859.19,171.83
Argenta,2,10,248708.14,226101.21,22606.93,84671,62064.07,22606.93,6782.21,5651.84,1130.37
Arlington,1,4,148934.29,137265.32,11668.97,43109,31440.07,11668.93,3500.7,2917.26,583.44
Armington,1,3,38350.12,33835.2,4514.92,13588,9073.08,4514.92,1354.5,1128.75,225.75
Aroma Park,3,10,398507.55,365972.31,32535.24,129399,96864.04,32534.96,9760.57,8133.81,1626.76
Arthur,1,5,195333.02,180237.65,15095.37,61653,46557.68,15095.32,4528.73,3773.95,754.78
Ashkum,2,6,136547.65,121412.28,15135.37,42458,27322.72,15135.28,4540.7,3783.92,756.78
Ashland,2,9,275656.14,255144.7,20511.44,88053,67541.67,20511.33,6153.46,5127.89,1025.57
Ashley,4,17,773503.05,718914.62,54588.43,222044,167455.67,54588.33,16376.47,13647.06,2729.41
Ashmore,3,15,528066.2,486605.45,41460.75,145275,103814.25,41460.75,12438.29,10365.24,2073.05
Ashton,3,14,330944.48,300627.75,30316.73,108363,78045.83,30317.17,9095.22,7579.34,1515.88
Assumption,3,14,329425.51,305026.27,24399.24,98176,73776.52,24399.48,7320.05,6100.05,1220
Astoria,1,3,54254.9,47911.57,6343.33,17833,11489.67,6343.33,1902.98,1585.82,317.16
Athens,4,19,632554.45,580931.72,51622.73,197235,145611.89,51623.11,15487.06,12905.89,2581.17
Atlanta,3,13,416458,390347.26,26110.74,122055,95944.26,26110.74,7833.3,6527.75,1305.55
Atwood,2,10,352563.01,320846.58,31716.43,108772,77055.59,31716.41,9515.02,7929.18,1585.84
Auburn,7,26,1276156.72,1175570.7,100586.02,363708,263121.91,100586.09,30176,25146.67,5029.33
Augusta,2,7,134251.98,122133.4,12118.58,43092,30973.42,12118.58,3635.75,3029.79,605.96
Aurora,32,137,4435336.47,4092471.95,342864.52,1331167,988229.66,342937.34,102881.82,85734.84,17146.98
Ava,2,7,304248.09,285427.66,18820.43,79725,60904.35,18820.65,5646.25,4705.2,941.05
Aviston,3,9,193970.72,176740.94,17229.78,67665,50434.89,17230.11,5169.06,4307.55,861.51
Avon,2,7,238869.83,216520.62,22349.21,72879,50529.38,22349.62,6704.92,5587.44,1117.48
Baldwin,2,5,102170.76,90163.11,12007.65,34677,22669.35,12007.65,3602.38,3001.99,600.39
Banner,2,8,308257.06,290027.37,18229.69,104137,85917.79,18219.21,5465.77,4554.81,910.96
Barry,5,18,568209.06,525343.61,42865.45,155007,112141.57,42865.43,12859.75,10716.47,2143.28
Bartelso,4,10,123804.79,111633.72,12171.07,45350,33178.78,12171.22,3651.42,3042.84,608.58
Bartlett,10,43,3806773.36,3506927.03,299846.33,1175568,875721.44,299846.56,89954.34,74961.98,14992.36
Bartonville,16,77,3209069.78,2957588.84,251480.94,1003450,751969.49,251480.51,75444.91,62870.81,12574.1
Basco,1,2,93994.82,85427.37,8567.45,31702,23134.7,8567.3,2570.2,2141.84,428.36
Batavia,1,5,7309.17,7008.14,301.03,2468,2166.97,301.03,90.31,75.26,15.05
Batchtown,1,5,115610.62,106416.48,9194.14,35254,26058.86,9195.14,2758.6,2298.83,459.77
Bath,1,3,69384.56,62777.23,6607.33,22104,15496.67,6607.33,1982.27,1651.89,330.38
Beach Park,5,24,1566671.36,1455020.32,111651.04,516956,405305.19,111650.81,33495.38,27912.82,5582.56
Beardstown,8,36,1751887.48,1615627.63,136259.85,517391,381130.96,136260.04,40878.37,34065.34,6813.03
Beaverville,2,9,387691,361967.5,25723.5,122098,96374.75,25723.25,7717.16,6430.96,1286.2
Beckemeyer,2,10,540649.74,498347.35,42302.39,176746,134447.64,42298.36,12689.54,10574.62,2114.92
Bedford Park,3,13,1968180.48,1810979.96,157200.52,598408,441210.93,157197.07,47159.26,39299.39,7859.87
Beecher,8,35,1096621.12,1017334.51,79286.61,355671,276384.52,79286.48,23786.1,19821.75,3964.35
Belgium,2,10,492890.03,446488.37,46401.66,167311,120909.34,46401.66,13920.61,11600.51,2320.1
Belleville,28,122,6845152.67,6302368.89,542783.78,2119296,1576512.32,542783.68,162836.3,135696.94,27139.36
Bellevue,3,14,513420.59,479060.27,34360.32,164011,129650.68,34360.32,10308.29,8590.24,1718.05
Bellwood,4,17,862683.76,784806.88,77876.88,288101,210223.12,77877.88,23363.47,19469.56,3893.91
Belvidere,16,77,5959581.13,5514583.53,444997.6,1822607,1377605.35,445001.65,133501.2,111251.01,22250.19
Bement,3,13,421034.51,384573.55,36460.96,128703,92241.64,36461.36,10938.54,9115.45,1823.09
Benld,3,14,554906.82,508460.99,46445.83,161917,115471.11,46445.89,13933.82,11611.54,2322.28
Bensenville,2,10,591237.92,537173.06,54064.86,198239,144174.15,54064.85,16219.55,13516.3,2703.25
Benson,2,6,264287.22,245266.93,19020.29,78737,59716.61,19020.39,5706.16,4755.14,951.02
Benton,12,56,2438853.45,2247322.29,191531.16,668529,476996.02,191532.98,57460.46,47883.72,9576.74
Berkeley,5,23,2050447.21,1898724.91,151722.3,635196,483473.78,151722.22,45517.05,37930.89,7586.16
Berwyn,52,236,12808207.31,11746355.19,1061852.12,4223425,3161547.13,1061877.87,318565.78,265471.6,53094.18
Bethany,1,5,68302.3,64419.37,3882.93,22345,18462.1,3882.9,1164.89,970.74,194.15
Big Rock,1,4,196929.09,188353.4,8575.69,47799,39223.11,8575.89,2572.84,2144.03,428.81
Bishop Hill,1,3,104699.34,95380.36,9318.98,37396,28077.15,9318.85,2795.68,2329.74,465.94
Blandinsville,3,10,143890.03,130493.48,13396.55,41326,27929.45,13396.55,4019.04,3349.2,669.84
Bloomingdale,7,24,1294679,1198416.38,96262.62,401219,304956.12,96262.88,28879.15,24065.95,4813.2
Bloomington,54,240,18959738.11,17509441.04,1450297.07,5888881,4438711.17,1450169.83,435053.09,362544.34,72508.75
Blue Island,24,106,4839388.5,4451203.06,388185.44,1597433,1209217.1,388215.9,116465.67,97054.78,19410.89
Blue Mound,2,10,307240.44,283673.28,23567.16,102894,79326.79,23567.21,7070.23,5891.86,1178.37
Bluffs,1,5,353738.17,319872.68,33865.49,112798,78932.51,33865.49,10159.68,8466.41,1693.27
Bourbonnais,4,18,1075859.96,985725.85,90134.11,358407,268272.94,90134.06,27040.34,22533.62,4506.72
Bowen,1,3,43811,40169.58,3641.42,10435,6793.58,3641.42,1092.46,910.39,182.07
Bradford,2,6,155722.61,140810.54,14912.07,45238,30325.96,14912.04,4473.62,3728.01,745.61
Bradley,20,91,5036197.02,4613183.6,423013.42,1674734,1251720.17,423013.83,126904.96,105754.16,21150.8
Braidwood,5,19,872835.92,801980.96,70854.96,257844,186988.96,70855.04,21256.75,17713.95,3542.8
Breese,9,34,1030096.21,945582.54,84513.67,318539,234025.49,84513.51,25354.27,21128.57,4225.7
Bridgeport,6,22,454043.03,416124.23,37918.8,131019,93100.26,37918.74,11375.77,9479.81,1895.96
Bridgeview,21,99,6667781.91,6113821.57,553960.34,2086591,1532609.95,553981.05,166195.18,138496.01,27699.17
Brighton,2,6,137583.48,123444.82,14138.66,37431,23292.16,14138.84,4241.71,3534.76,706.95
Brimfield,2,10,327208,302701.54,24506.46,110119,85612.33,24506.67,7352.2,6126.83,1225.37
Broadlands,1,5,156612.49,148706.98,7905.51,47448,39542.49,7905.51,2371.69,1976.41,395.28
Broadview,5,23,1022763.99,941645.43,81118.56,361000,279881.6,81118.4,24335.78,20279.82,4055.96
Brocton,1,5,172714.76,172750.47,-35.71,40882,40917.71,-35.71,-10.69,-8.91,-1.78
Brookfield,15,71,3749359.46,3464021.96,285337.5,1168616,883278.99,285337.01,85602.02,71335.02,14267
Brooklyn,1,3,177837.97,166252.36,11585.61,63444,51635.09,11808.91,3542.7,2952.25,590.45
Brown County,1,2,2667.42,2733.11,-65.69,771,836.48,-65.48,-19.65,-16.38,-3.27
Bryant,1,3,110064.24,98899.09,11165.15,37986,26820.8,11165.2,3349.53,2791.27,558.26
Buckley,2,10,459895.57,424614.19,35281.38,145226,109944.62,35281.38,10584.49,8820.41,1764.08
Buckner,1,5,243303.51,224149.3,19154.21,69369,50214.79,19154.21,5746.28,4788.57,957.71
Buda,1,3,108254.95,98177.62,10077.33,33128,23050.67,10077.33,3023.2,2519.33,503.87
Buffalo,1,3,88465.73,82487.53,5978.2,29580,23601.85,5978.15,1793.43,1494.53,298.9
Buffalo Grove,3,13,658075.14,606605.41,51469.73,228090,176620.43,51469.57,15440.97,12867.48,2573.49
Bull Valley,1,4,6508.67,5557.58,951.09,2602,1650.91,951.09,285.34,237.78,47.56
Bulpitt,1,5,284178.23,264424.25,19753.98,90766,71012.05,19753.95,5926.26,4938.55,987.71
Buncombe,2,8,503605.55,472825.17,30780.38,140868,110087.62,30780.38,9234.15,7695.12,1539.03
Bunker Hill,2,10,384289.34,352833.58,31455.76,123040,91584.29,31455.71,9436.88,7864.07,1572.81
Burbank,20,99,7879076,7246264.83,632811.17,2465766,1832889.2,632876.8,189864.04,158220.05,31643.99
Bureau,1,4,193335.73,174721.43,18614.3,56390,37775.7,18614.3,5584.35,4653.63,930.72
Burlington,1,3,99758.98,89703.19,10055.79,35133,25077.21,10055.79,3016.79,2513.99,502.8
Burnham,3,15,1105885.82,1019861.33,86024.49,368409,282384.51,86024.49,25807.47,21506.22,4301.25
Bushnell,5,18,413000.42,377376.86,35623.56,139963,104339.11,35623.89,10687.32,8906.1,1781.22
Byron,6,27,1181287.56,1086474.07,94813.49,378095,283281.11,94813.89,28444.35,23703.62,4740.73
Cabery,1,4,74418.03,68499.84,5918.19,28235,22316.81,5918.19,1775.52,1479.6,295.92
Cahokia,9,37,1290934.2,1189974.12,100960.08,391022,290061.19,100960.81,30288.47,25240.43,5048.04
Cairo,3,13,1023768.75,941373.06,82395.69,342302,259906.66,82395.34,24718.8,20599.01,4119.79
Calumet City,19,84,5521514.94,5066614.31,454900.63,1794468,1339529.47,454938.53,136482.33,113735.27,22747.06
Calumet Park,10,45,4565137.02,4191828.76,373308.26,1600601,1227292.33,373308.67,111992.99,93327.51,18665.48
Cambridge,2,6,233487.2,217832.19,15655.01,68832,53176.85,15655.15,4696.6,3913.83,782.77
Camp Point,2,5,51964.43,46353.13,5611.3,13756,8144.68,5611.32,1683.39,1402.83,280.56
Campbell Hill,2,7,341021.36,313384.91,27636.45,88085,60448.55,27636.45,8291.03,6909.2,1381.83
Campus,1,3,45604.32,42392.37,3211.95,14079,10867.05,3211.95,963.64,803.03,160.61
Canton,12,55,2453796.34,2268594.57,185201.77,751185,566003.26,185181.74,55555.02,46295.88,9259.14
Cantrall,1,3,61229.89,55826.75,5403.14,19684,14280.86,5403.14,1620.97,1350.81,270.16
Capron,1,5,177636.64,161530.25,16106.39,54826,38719.61,16106.39,4831.94,4026.61,805.33
Carbon Cliff,2,9,298012.12,269250.09,28762.03,84975,56212.97,28762.03,8628.79,7190.67,1438.12
Carbon Hill,2,7,188045.77,169049.59,18996.18,59074,40077.82,18996.18,5698.91,4749.09,949.82
Carbondale,22,96,5208261.35,4807189.63,401071.72,1685017,1283950.59,401066.41,120320.6,100267.18,20053.42
Carlinville,8,33,1328340.33,1211826.68,116513.65,398681,282167.66,116513.34,34954.31,29128.61,5825.7
Carlyle,6,25,1129509.97,1049590.44,79919.53,328370,248450.84,79919.16,23975.96,19979.97,3995.99
Carmi,7,31,1928311.12,1788971.53,139339.59,498962,359576.78,139385.22,41815.77,34846.49,6969.28
Carol Stream,11,54,4499606.08,4147745.55,351860.53,1412854,1060993.94,351860.06,105558.53,87965.45,17593.08
Carpentersville,16,68,4342491.98,3986834.22,355657.76,1369680,1014022.38,355657.62,106697.82,88914.88,17782.94
Carrier Mills,2,9,193561.54,178964.78,14596.76,51058,36461.18,14596.82,4379.1,3649.25,729.85
Carrollton,3,15,819357.98,749143.54,70214.44,238380,168156.26,70223.74,21067.2,17556.02,3511.18
Carthage,2,7,226855.1,202850.38,24004.72,65371,41366.13,24004.87,7201.55,6001.29,1200.26
Cary,6,30,1543577.09,1427279.85,116297.24,479952,363654.64,116297.36,34889.48,29074.56,5814.92
Casey,5,20,1146301.68,1071199.46,75102.22,307358,232180.71,75177.29,22553.27,18794.39,3758.88
Caseyville,16,69,3836871.67,3522607.77,314263.9,1180242,865978.05,314263.95,94279.75,78566.47,15713.28
Catlin,1,5,190753.46,175090.76,15662.7,55133,39470.28,15662.72,4698.92,3915.77,783.15
Cedar Point,2,8,214045.89,191631.68,22414.21,72852,50437.99,22414.01,6724.28,5603.57,1120.71
Central City,4,20,1329032.4,1235120.7,93911.7,360929,267016.96,93912.04,28173.72,23478.1,4695.62
Centralia,20,97,5629365.48,5244711.54,384653.94,1516745,1132091.47,384653.53,115396.93,96164.13,19232.8
Centreville,2,8,821313.94,754870.04,66443.9,267978,201548.18,66429.82,19929.06,16607.55,3321.51
Cerro Gordo,1,4,121704.54,115439.87,6264.67,43731,37466.05,6264.95,1879.53,1566.27,313.26
Champaign,52,242,18327405.2,16897135.39,1430269.81,6159774,4729556.06,1430217.94,429067.87,357556.65,71511.22
Chandlerville,1,4,140334.65,131073.32,9261.33,52948,43686.67,9261.33,2778.4,2315.34,463.06
Channahon,8,32,1295809.01,1184803.22,111005.79,406637,295609.48,111027.52,33308.32,27756.94,5551.38
Charleston,17,71,2869460.46,2646601.12,222859.34,842136,619275.78,222860.22,66858.63,55715.56,11143.07
Chatham,8,35,2484937.16,2330502.98,154434.18,734797,580362.73,154434.27,46330.72,38608.96,7721.76
Chatsworth,1,4,151938.11,139049.55,12888.56,41322,28433.39,12888.61,3866.59,3222.16,644.43
Chebanse,4,14,188874.83,166748.71,22126.12,66068,43941.83,22126.17,6637.95,5531.63,1106.32
Chenoa,5,25,1129101.86,1042401.98,86699.88,332151,245451.1,86699.9,26010.3,21675.27,4335.03
Cherry Valley,8,37,2087734.29,1928144.27,159590.02,613318,453727.88,159590.12,47877.39,39897.84,7979.55
Chester,10,45,2002760.85,1839119.21,163641.64,596237,432593.1,163643.9,49093.42,40911.19,8182.23
Chesterfield,1,3,65466.87,59428.57,6038.3,15107,9068.7,6038.3,1811.49,1509.57,301.92
Chicago Heights,15,69,5262957.34,4826401.49,436555.85,1734545,1298014.47,436530.53,130959.89,109133.25,21826.64
Chicago Ridge,20,95,5662336.97,5215210.36,447126.61,1760464,1313337.26,447126.74,134138.93,111782.45,22356.48
Chillicothe,12,57,2659604.93,2456862.74,202742.19,814373,611630.91,202742.09,60823.31,50686.11,10137.2
Chrisman,1,5,212025.23,191904.29,20120.94,80310,60191.02,20118.98,6035.74,5029.79,1005.95
Christopher,6,25,1310348.15,1209786.25,100561.9,362567,262208.02,100358.98,30107.99,25089.99,5018
Cicero,30,131,12803406.46,11744894.07,1058512.39,4282916,3224405.74,1058510.26,317554.47,264628.78,52925.69
Cissna Park,1,4,50112.96,46892,3220.96,17572,14350.92,3221.08,966.31,805.26,161.05
Clay City,1,5,208337,188153.16,20183.84,68360,48176,20184,6055.23,5046.03,1009.2
Clayton,1,3,41936.74,37723.62,4213.12,12685,8471.99,4213.01,1124.92,937.43,187.49
Clifton,4,18,440977.5,400719.73,40257.77,147898,107640.15,40257.85,12077.55,10064.63,2012.92
Clinton,9,43,2345633.31,2161250.08,184383.23,763637,579270.91,184366.09,55310.15,46091.79,9218.36
Coal City,6,23,1258765.18,1156926.72,101838.46,367210,265371.62,101838.38,30551.7,25459.76,5091.94
Coal Valley,3,11,270064.35,239459.09,30605.26,81697,51091.55,30605.45,9181.72,7651.44,1530.28
Coalton,1,4,162246.53,151041.47,11205.06,52154,40948.94,11205.06,3361.55,2801.29,560.26
Cobden,1,3,146037.57,135086.05,10951.52,35036,24084.48,10951.52,3285.42,2737.85,547.57
Colfax,1,3,91623.05,83269.55,8353.5,24943,16589.5,8353.5,2506.1,2088.42,417.68
Collinsville,18,77,3871948.55,3572102.03,299846.52,1145401,845554.68,299846.32,89954.45,74962.08,14992.37
Colona,3,12,630410.17,572228.07,58182.1,177601,119418.95,58182.05,17454.62,14545.52,2909.1
Columbia,6,21,1134986.63,1047217.56,87769.07,323361,235592.01,87768.99,26330.88,21942.4,4388.48
Compton,1,3,84106.41,77005.54,7100.87,25844,18743.13,7100.87,2130.27,1775.23,355.04
Cooksville,1,5,182132.37,169025.29,13107.08,58301,45193.92,13107.08,3932.2,3276.83,655.37
Cordova,2,8,218997.08,201880.21,17116.87,66944,49827.13,17116.87,5135.13,4279.27,855.86
Cornell,1,3,49798.99,45006.73,4792.26,16177,11384.74,4792.26,1437.66,1198.06,239.6
Coulterville,5,25,1203941.24,1113005.69,90935.55,404356,313420.11,90935.89,27281.05,22734.21,4546.84
Country Club Hills,5,22,690740.59,624707.14,66033.45,230144,164110.36,66033.64,19810.37,16508.66,3301.71
Countryside,19,83,6855516.82,6330713.49,524803.33,1965512,1440681.03,524830.97,157449.98,131208.34,26241.64
Creal Springs,1,3,95749.33,85924.13,9825.2,26464,16638.9,9825.1,2947.56,2456.3,491.26
Crescent City,2,8,136456.4,125501.6,10954.8,44577,33622.2,10954.8,3286.58,2738.82,547.76
Crest Hill,13,58,3259021.8,2991364.93,267656.87,1018347,750689.31,267657.69,80297.82,66914.87,13382.95
Creston,1,3,81261.79,74159.04,7102.75,34506,27403.25,7102.75,2130.89,1775.75,355.14
Crestwood,26,126,8978419.51,8278362.29,700057.22,2918227,2218194.87,700032.13,210010.59,175008.86,35001.73
Crete,8,35,2070008.45,1901236.38,168772.07,655678,486904.24,168773.76,50632.56,42193.8,8438.76
Creve Coeur,9,39,2226166.92,2060272.98,165893.94,670695,504781.04,165913.96,49774.6,41478.84,8295.76
Crystal Lake,12,36,1754510.99,1596737.28,157773.71,620598,462824.33,157773.67,47332.43,39443.72,7888.71
Cuba,2,9,325034.46,298831.75,26202.71,103018,76815.03,26202.97,7860.95,6550.79,1310.16
Cullom,1,5,164885.76,159381.26,5504.5,59437,53931.69,5505.31,1651.64,1376.37,275.27
Curran,1,5,173370.18,165994.32,7375.86,46833,39456.59,7376.41,2212.97,1844.14,368.83
Cypress,1,4,116982.86,107708.85,9274.01,28227,18952.99,9274.01,2782.3,2318.59,463.71
Dallas City,2,7,262335.1,248117.63,14217.47,67101,52884.25,14216.75,4265.15,3554.3,710.85
Dalton City,2,8,292803.59,269933.54,22870.05,98032,75161.99,22870.01,6861.11,5717.59,1143.52
Dalzell,1,4,198150.03,180937.28,17212.75,51760,34566.25,17193.75,5158.27,4298.56,859.71
Damiansville,1,4,103310.1,97619.11,5690.99,31655,25964.2,5690.8,1707.25,1422.71,284.54
Danvers,1,3,74448.47,69666.64,4781.83,23373,18591.02,4781.98,1434.68,1195.57,239.11
Danville,28,123,6892450.87,6311365.37,581085.5,2170153,1589540.08,580612.92,174185.32,145154.49,29030.83
Darien,8,38,3402150.95,3136367.87,265783.08,984788,719005.72,265782.28,79735.1,66445.93,13289.17
Davis,1,5,257924.67,243598.15,14326.52,84780,70453.48,14326.52,4298,3581.67,716.33
Davis Junction,3,15,735406,676651.38,58754.62,245203,186448.2,58754.8,17626.65,14688.89,2937.76
Dawson,2,7,241766.54,227098.76,14667.78,75248,60580.22,14667.78,4400.34,3666.96,733.38
De Witt,2,9,430680.74,407127.96,23552.78,123162,99609.07,23552.93,7065.93,5888.28,1177.65
Decatur,80,380,31560483.41,29024697.87,2535785.54,10397027,7861247.66,2535779.34,760737.95,633948.45,126789.5
Deer Creek,1,3,146061.95,136217.75,9844.2,34173,24328.77,9844.23,2953.3,2461.08,492.22
Deer Grove,1,2,16058.98,15139.05,919.93,5992,5072.07,919.93,275.97,229.97,46
DeKalb,20,85,4779580.11,4394598.17,384981.94,1426225,1041243.23,384981.77,115495.32,96246.13,19249.19
Delavan,2,9,245680.85,228400.91,17279.94,79887,62607.11,17279.89,5184.09,4320.08,864.01
Depue,2,10,353234.19,317344.84,35889.35,120318,84428.45,35889.55,10767.05,8972.54,1794.51
Diamond,3,14,996768.01,926530.64,70237.37,278298,208134.3,70163.7,21049.14,17540.96,3508.18
Dieterich,2,7,170860.54,160070.23,10790.31,55131,44340.66,10790.34,3237.13,2697.6,539.53
Divernon,3,15,1209758.72,1107947.31,101811.41,325666,223817.75,101848.25,30554.62,25462.2,5092.42
Dixmoor,2,9,612063.9,563447.96,48615.94,190256,141640.06,48615.94,14584.83,12154.03,2430.8
Dixon,26,117,6567072.12,6025392.8,541679.32,2026898,1485227.99,541670.01,162501.87,135418.25,27083.62
Dolton,12,54,3284974.36,3007154.61,277819.75,1112418,834594.96,277823.04,83347.46,69456.23,13891.23
Dongola,1,4,221620.22,202119.51,19500.71,57728,38227.29,19500.71,5850.21,4875.18,975.03
Donnellson,1,4,178687.72,167584.6,11103.12,54074,42970.88,11103.12,3330.93,2775.78,555.15
Dowell,1,5,318270.68,295008.01,23262.67,98349,75087.23,23261.77,6978.59,5815.49,1163.1
Downs,2,8,433063.03,400453.78,32609.25,114839,82229.95,32609.05,9782.82,8152.35,1630.47
Du Bois,1,5,201423.85,190733.77,10690.08,59119,48428.92,10690.08,3207.03,2672.52,534.51
Du Quoin,12,58,2494478.17,2287607.49,206870.68,747723,540852.28,206870.72,62061.82,51718.23,10343.59
Dunlap,2,9,337876.74,309904.63,27972.11,117448,89475.78,27972.22,8391.75,6993.12,1398.63
Dupo,5,21,833844.04,778111.61,55732.43,237358,181625.64,55732.36,16719.92,13933.27,2786.65
Durand,3,14,518304.4,481496.11,36808.29,185929,149120.71,36808.29,11042.67,9202.25,1840.42
Dwight,11,50,2286002.71,2120298.18,165704.53,700188,534483.52,165704.48,49711.81,41426.5,8285.31
Earlville,2,6,83393.09,79220.48,4172.61,28326,24153.39,4172.61,1251.78,1043.15,208.63
East Alton,11,49,2261181.01,2074068.82,187112.19,637149,450035.7,187113.3,56134.47,46778.74,9355.73
East Brooklyn,1,5,105828.05,94440.86,11387.19,36880,25492.81,11387.19,3416.27,2846.9,569.37
East Cape Girardeau,2,10,490471.53,454769.51,35702.02,132101,96386.87,35714.13,10714.42,8928.69,1785.73
East Dubuque,11,47,2596744.86,2380689,216055.86,716500,500443.65,216056.35,64817.45,54014.57,10802.88
East Dundee,12,55,3334050.2,3034375.34,299674.86,1017673,717998.08,299674.92,89903.07,74919.25,14983.82
East Galesburg,2,7,305224.79,289365.35,15859.44,80665,64805.66,15859.34,4757.81,3964.83,792.98
East Gillespie,2,10,480473.06,444874.47,35598.59,145270,109671.51,35598.49,10679.62,8899.69,1779.93
East Hazel Crest,2,10,1357560.18,1253163.1,104397.08,453747,349349.88,104397.12,31319.2,26099.34,5219.86
East Moline,14,65,3365521.7,3069454.71,296066.99,964844,668776.26,296067.74,88820.84,74017.39,14803.45
East Peoria,22,98,4812980.36,4449161.01,363819.35,1518316,1154483.51,363832.49,109150.63,90958.89,18191.74
Edgewood,2,9,311266.81,289709.8,21557.01,92569,71011.89,21557.11,6467.21,5389.35,1077.86
Edinburg,2,9,159223.92,145837.19,13386.73,49508,36121.3,13386.7,4016.1,3346.75,669.35
Effingham,29,135,10734378.06,9946762.55,787615.51,3205873,2418165.26,787707.74,236313.64,196928.09,39385.55
El Paso,5,24,803434.23,737885.5,65548.73,236577,171027,65550,19665.32,16387.78,3277.54
Elburn,2,10,542846.99,494130.74,48716.25,173785,125068.61,48716.39,14615.05,12179.22,2435.83
Eldorado,6,29,1901680.43,1754293.07,147387.36,528961,381551.51,147409.49,44223.08,36852.56,7370.52
Eldred,3,10,236115.33,219618.92,16496.41,73473,56976.56,16496.44,4949.05,4124.2,824.85
Elgin,27,108,5497285.54,5024690.08,472595.46,1684663,1212066.74,472596.26,141780.02,118150.07,23629.95
Elizabeth,2,7,162851.14,149849.56,13001.58,55600,42598.4,13001.6,3900.55,3250.46,650.09
Elizabethtown,1,3,58604.13,55249.04,3355.09,16339,12983.91,3355.09,1006.53,838.77,167.76
Elk Grove Village,17,78,7589320.2,6978723.09,610597.11,2234316,1623718.95,610597.05,183179.71,152649.77,30529.94
Elkhart,1,4,161066.93,148964.67,12102.26,57748,45645.74,12102.26,3630.65,3025.54,605.11
Elmwood,3,12,435048.78,401508.4,33540.38,126632,93103.04,33528.96,10058.72,8382.27,1676.45
Elmwood Park,16,75,6820555.78,6267510.9,553044.88,2059731,1506686.25,553044.75,165914.33,138261.99,27652.34
Elwood,1,5,192236.67,180962.65,11274.02,60923,49648.98,11274.02,3382.27,2818.56,563.71
Emden,2,8,263594.81,234790.12,28804.69,84503,55687.34,28815.66,8644.65,7203.89,1440.76
Emington,1,4,11587.03,10061.54,1525.49,1929,403.51,1525.49,457.66,381.38,76.28
Erie,1,5,138565.42,126518.82,12046.6,48428,36381.4,12046.6,3614.03,3011.69,602.34
Essex,4,14,291958.52,267239.5,24719.02,87244,62523.07,24720.93,7416.46,6180.39,1236.07
Eureka,1,5,126055.77,119596.29,6459.48,38852,32392.52,6459.48,1937.85,1614.88,322.97
Evansville,3,10,308570.35,285331.95,23238.4,90815,67576.46,23238.54,6971.62,5809.68,1161.94
Evergreen Park,1,5,650249.78,599949,50300.78,207243,156948.27,50294.73,15088.46,12573.71,2514.75
Fairbury,4,16,724569.74,670186.57,54383.17,189087,134703.79,54383.21,16315.01,13595.85,2719.16
Fairfield,5,22,805642.38,737851.2,67791.18,216109,148296.73,67812.27,20343.69,16953.06,3390.63
Fairmont City,6,28,1465607.74,1352333.13,113274.61,468540,355286.29,113253.71,33976.5,28313.76,5662.74
Fairview,1,3,76704.49,73120.61,3583.88,22977,19393.45,3583.55,1075.08,895.9,179.18
Fairview Heights,11,50,3437816.58,3183433.65,254382.93,1001909,747526.22,254382.78,76315.27,63596.06,12719.21
Farina,2,10,1043708.6,962909,80799.6,266044,185100.91,80943.09,24282.96,20235.8,4047.16
Farmer City,4,20,1130572.88,1050161.61,80411.27,362325,281970.67,80354.33,24106.51,20088.76,4017.75
Farmersville,4,14,826343.32,762661.29,63682.03,241264,177571.46,63692.54,19107.89,15923.24,3184.65
Farmington,4,16,574112.41,522327.36,51785.05,165979,114194.39,51784.61,15535.67,12946.4,2589.27
Fayetteville,1,3,54288.56,47966.68,6321.88,15286,8964.12,6321.88,1896.63,1580.53,316.1
Fieldon,2,5,118388.96,104929.92,13459.04,36179,22699.65,13479.35,4043.92,3369.93,673.99
Findlay,1,4,61773,56664.03,5108.97,24186,19077.03,5108.97,1532.67,1277.22,255.45
Fisher,3,11,249613.21,235077.58,14535.63,81955,67419.27,14535.73,4360.79,3633.99,726.8
Fithian,1,5,149362.5,133652.33,15710.17,56071,40360.83,15710.17,4713.1,3927.58,785.52
Flanagan,2,8,144386.36,134640.97,9745.39,43413,33667.64,9745.36,2923.64,2436.37,487.27
Flora,7,34,2032130.42,1890155.8,141974.62,567836,425862.27,141973.73,42592.43,35493.68,7098.75
Florence,1,3,126342.04,113443.98,12898.06,44081,31182.84,12898.16,3869.46,3224.56,644.9
Flossmoor,1,5,99898.12,92725.44,7172.68,30915,23742.92,7172.08,2151.66,1793.05,358.61
Ford Heights,2,10,662980.18,601916.86,61063.32,229631,168546.38,61084.62,18325.46,15271.22,3054.24
Forest Park,9,41,515277.52,474726.98,40550.54,190258,149706.12,40551.88,12165.84,10138.21,2027.63
Forest View,3,14,2267485.53,2101152.75,166332.78,652295,485926.76,166368.24,49910.68,41592.23,8318.45
Forrest,1,3,96200.69,86937.53,9263.16,31022,21759.09,9262.91,2778.86,2315.71,463.15
Forreston,2,9,339479.28,312653.34,26825.94,107062,80236.31,26825.69,8047.78,6706.48,1341.3
Fox Lake,26,124,6894930.92,6351442.42,543488.5,2120106,1576549.14,543556.86,163068.23,135890.22,27178.01
Fox River Grove,7,31,2174096.54,2012939.32,161157.22,607894,446736.79,161157.21,48347.57,40289.63,8057.94
Franklin Park,11,49,2309820.24,2096161.89,213658.35,742489,528830.51,213658.49,64098.22,53415.2,10683.02
Freeburg,3,13,769396.17,710276.33,59119.84,211593,152473.26,59119.74,17736.03,14780.03,2956
Freeport,23,111,8936259.18,8235766.18,700493,2843246,2142698.97,700547.03,210165.26,175137.75,35027.51
Fulton,6,29,1879657.88,1747676.41,131981.47,539515,407533.46,131981.54,39594.7,32995.6,6599.1
Galena,6,23,1132715.85,1027448.66,105267.19,341297,236029.51,105267.49,31580.32,26316.94,5263.38
Galesburg,28,128,8719377.46,8038380.37,680997.09,2613233,1932235.84,680997.16,204300.27,170250.27,34050
Galva,2,10,630928.66,597869.48,33059.18,177461,144401.84,33059.16,9917.79,8264.83,1652.96
Gardner,3,13,378389.65,338188.14,40201.51,112161,71979.51,40181.49,12054.54,10045.45,2009.09
Genoa,5,22,954713.51,884207.93,70505.58,268990,198484.57,70505.43,21151.83,17626.54,3525.29
Georgetown,4,20,1057295.69,969497.51,87798.18,292860,205061.83,87798.17,26339.62,21949.68,4389.94
German Valley,1,5,78195.74,70753.63,7442.11,27805,20362.83,7442.17,2232.62,1860.52,372.1
Germantown,3,13,589498.12,546957.34,42540.78,170850,128309.04,42540.96,12762.37,10635.32,2127.05
Germantown Hills,2,9,415044.79,388096.31,26948.48,118072,91123.52,26948.48,8084.57,6737.15,1347.42
Gibson City,8,37,1094791.98,1005388.26,89403.72,342941,253537.28,89403.72,26821.65,22351.39,4470.26
Gifford,2,10,392878.92,366325.18,26553.74,112914,86359.43,26554.57,7966.52,6638.78,1327.74
Gilberts,5,23,1011200.66,930470.25,80730.41,323318,242587.72,80730.28,24219.4,20182.83,4036.57
Gillespie,4,15,270909.3,252288.97,18620.33,86550,67929.82,18620.18,5586.25,4655.22,931.03
Gilman,8,34,1662521.08,1533830.08,128691,513661,385007.96,128653.04,38596.12,32163.43,6432.69
Girard,3,13,505153.53,456368.57,48784.96,160678,111893.04,48784.96,14635.67,12196.4,2439.27
Gladstone,1,3,40878.33,34603.99,6274.34,13039,6764.66,6274.34,1882.28,1568.57,313.71
Glasford,2,6,205504.01,189184.6,16319.41,63841,47521.59,16319.41,4895.91,4079.92,815.99
Glasgow,1,4,149240.14,135717.7,13522.44,50694,37171.54,13522.46,4056.81,3380.67,676.14
Glendale Heights,8,40,3744883.83,3472017.97,272865.86,1130302,857435.7,272866.3,81860.23,68216.87,13643.36
Glenwood,7,33,1942877.51,1787781.32,155096.19,626801,471704.57,155096.43,46529.29,38774.41,7754.88
Godfrey,8,37,1927864.84,1764220.99,163643.85,534048,370404.17,163643.83,49093.49,40911.25,8182.24
Godley,1,5,310033,279257.97,30775.03,92104,61328.81,30775.19,9232.59,7693.83,1538.76
Golconda,1,4,182718.59,168243.21,14475.38,58759,44283.7,14475.3,4342.6,3618.83,723.77
Grafton,2,4,41769.18,36974.86,4794.32,17437,12642.53,4794.47,1438.35,1198.63,239.72
Grandview,3,15,1477093.87,1380672.42,96421.45,452444,356022.36,96421.64,28926.71,24105.6,4821.11
Granite City,22,97,4951055.04,4577332.59,373722.45,1384597,1010963.75,373633.25,112090.92,93409.12,18681.8
Grant Park,3,12,242389.27,226553.58,15835.69,77259,61423.26,15835.74,4750.82,3959.02,791.8
Grantfork,1,2,25607.76,25537.05,70.71,8735,8664.29,70.71,21.21,17.67,3.54
Granville,2,6,140760.49,128564.12,12196.37,44688,32491.63,12196.37,3658.94,3049.12,609.82
Grayville,6,26,1970146.14,1833495.01,136651.13,504357,367918.82,136438.18,40931.55,34109.63,6821.92
Green Oaks,1,3,165790.59,146575.06,19215.53,46766,27550.53,19215.47,5764.69,4803.91,960.78
Greenup,4,18,702442.68,646828.61,55614.07,223330,167715.99,55614.01,16684.37,13903.64,2780.73
Greenview,2,8,357652.8,336825.15,20827.65,91958,71130.35,20827.65,6248.43,5207.02,1041.41
Greenville,5,18,1635630.19,1514579.97,121050.22,428085,307034.78,121050.22,36315.43,30262.85,6052.58
Gridley,1,5,91347.96,79931.95,11416.01,27302,15885.99,11416.01,3424.86,2854.05,570.81
Griggsville,1,4,134868.39,120947.97,13920.42,35975,22054.58,13920.42,4176.1,3480.08,696.02
Gulfport,2,8,81498.98,73357.6,8141.38,22988,14846.76,8141.24,2442.46,2035.39,407.07
Hamel,2,7,737986.52,684558.64,53427.88,193831,140332.07,53498.93,16049.65,13374.72,2674.93
Hamilton,2,8,446455.73,407375.28,39080.45,152865,113784.65,39080.35,11724.15,9770.14,1954.01
Hammond,1,4,144530.45,132711.88,11818.57,47142,35323.43,11818.57,3545.6,2954.67,590.93
Hampshire,7,33,2226735.6,2040817.44,185918.16,661118,475283.99,185834.01,55750.57,46458.81,9291.76
Hampton,2,10,348288.42,319636.26,28652.16,89760,61107.68,28652.32,8595.78,7163.15,1432.63
Hanna City,3,9,406793.91,380786.06,26007.85,111142,85134.15,26007.85,7802.41,6502.01,1300.4
Hanover,2,8,154274.12,143662.46,10611.66,43909,33297.38,10611.62,3183.55,2652.96,530.59
Hanover Park,6,30,4083281.31,3762869.14,320412.17,1254464,933964.78,320499.22,96150.14,80125.13,16025.01
Hardin,2,6,166917.21,153949.76,12967.45,47641,34672.93,12968.07,3890.5,3242.09,648.41
Harmon,1,5,269431.86,251738.6,17693.26,76295,58601.74,17693.26,5308.02,4423.36,884.66
Harrisburg,14,66,3666059.03,3409470.68,256588.35,956922,700334.42,256587.58,76976.86,64147.38,12829.48
Harristown,2,10,785088.85,724422.22,60666.63,260792,200125.41,60666.59,18199.94,15166.62,3033.32
Hartford,2,9,199777.78,183723.93,16053.85,54775,38720.86,16054.14,4816.31,4013.59,802.72
Harvard,16,74,2819908.03,2597860.69,222047.34,916619,694571.13,222047.87,66614.91,55512.45,11102.46
Harvel,1,3,32798.07,28551.28,4246.79,10887,6640.2,4246.8,1274.04,1061.7,212.34
Harvey,9,38,1914779.46,1755431.21,159348.25,601478,442129.77,159348.23,47804.79,39837.34,7967.45
Havana,7,28,1218815.69,1125447.37,93368.32,382533,289151.81,93381.19,28014.58,23345.48,4669.1
Hazel Crest,1,5,163202.93,151391.79,11811.14,53637,41825.86,11811.14,3543.38,2952.82,590.56
Hebron,2,10,546762.99,499534.65,47228.34,177832,130605.32,47226.68,14168.16,11806.81,2361.35
Hecker,1,5,119272.41,111475.94,7796.47,38675,30879.02,7795.98,2338.78,1948.98,389.8
Hennepin,2,8,154582.76,143205.67,11377.09,57391,46013.73,11377.27,3413.24,2844.37,568.87
Henry,5,23,844403.55,787394.46,57009.09,246458,189449.9,57008.1,17102.62,14252.2,2850.42
Herrin,19,83,4327053.39,3990065.49,336987.9,1291576,954587.68,336988.32,101097.26,84247.74,16849.52
Herscher,2,8,251499.84,228174.27,23325.57,99830,76504.47,23325.53,6997.77,5831.48,1166.29
Heyworth,4,15,860316.57,794962.41,65354.16,262264,196909.83,65354.17,19606.45,16338.71,3267.74
Hickory Hills,14,62,5077481.07,4682457.85,395023.22,1553321,1158283.42,395037.58,118511.5,98759.6,19751.9
Highland,14,63,2362942.33,2175718.35,187223.98,733236,546011.64,187224.36,56167.97,46806.63,9361.34
Hillsboro,6,23,652252.37,604571.47,47680.9,190501,142819.83,47681.17,14304.57,11920.48,2384.09
Hillsdale,1,5,453302.38,413038.39,40263.99,131204,90939.52,40264.48,12079.42,10066.18,2013.24
Hillside,3,12,1008590.1,923402.4,85187.7,344592,259404.3,85187.7,25556.44,21297.04,4259.4
Hinckley,3,13,540863.31,501499.76,39363.55,164702,125338.89,39363.11,11809.04,9840.87,1968.17
Hindsboro,3,14,393171.94,354708.05,38463.89,128908,90444.26,38463.74,11539.16,9615.97,1923.19
Hodgkins,2,9,1019630.29,944676.82,74953.47,315522,240568.83,74953.17,22486.05,18738.38,3747.67
Hoffman,1,3,84761.91,78276.45,6485.46,23504,17018.54,6485.46,1945.67,1621.4,324.27
Hoffman Estates,20,94,8076526.41,7415705.46,660820.95,2452919,1792097.84,660821.16,198247.38,165206.16,33041.22
Homer,1,4,102421.98,96189.97,6232.01,39730,33497.99,6232.01,1869.66,1558.05,311.61
Homer Glen,12,53,3484242.81,3253654.75,230588.06,1030444,799856.36,230587.64,69176.6,57647.17,11529.43
Hometown,5,25,3027275.29,2772112.47,255162.82,979532,724369.17,255162.83,76549.19,63791,12758.19
Homewood,6,30,1690561.53,1557480.17,133081.36,505128,372046.48,133081.52,39924.7,33270.58,6654.12
Hoopeston,4,17,916056.93,842574.11,73482.82,265205,191722.18,73482.82,22045.02,18370.85,3674.17
Hoyleton,1,5,299307.29,279768.37,19538.92,79065,59525.64,19539.36,5861.84,4884.87,976.97
Hudson,2,7,386954.38,354552.92,32401.46,113271,80869.5,32401.5,9720.58,8100.48,1620.1
Humboldt,1,5,133088.1,123288.15,9799.95,43288,33488.21,9799.79,2940,2450,490
Huntley,11,50,2846754.24,2599385.01,247369.23,822526,575156.08,247369.92,74211.64,61843.03,12368.61
Hurst,3,14,313984.57,289729.89,24254.68,97054,72799.23,24254.77,7276.45,6063.71,1212.74
Illiopolis,2,10,496892.21,454917.97,41974.24,146502,104527.74,41974.26,12592.29,10493.58,2098.71
Ina,1,4,852001.86,784589.76,67412.1,196023,128607.84,67415.16,20224.6,16853.84,3370.76
Indian Head Park,3,15,1466290.95,1352148.84,114142.11,466639,352497.19,114141.81,34242.66,28535.56,5707.1
Ipava,3,7,130852.42,120434.01,10418.41,35031,24612.78,10418.22,3125.52,2604.61,520.91
Iroquois,2,4,111285.67,102853.85,8431.82,32601,24169.18,8431.82,2529.61,2108,421.61
Irving,1,3,52774.83,46610.02,6164.81,17398,11233.19,6164.81,1849.5,1541.25,308.25
Island Lake,5,25,1546380.33,1429121.89,117258.44,501128,383869.33,117258.67,35177.83,29314.87,5862.96
Itasca,3,13,674949.49,628999.96,45949.53,183643,137682.07,45960.93,13788.38,11490.32,2298.06
Ivesdale,2,8,233400.21,212095.41,21304.8,83437,62132.13,21304.87,6391.57,5326.3,1065.27
Jacksonville,25,109,6771046.5,6231395.46,539651.04,2061933,1522289.89,539643.11,161893.77,134911.53,26982.24
Jasper County,2,10,383435.18,354489.24,28945.94,125268,96321.92,28946.08,8683.9,7236.58,1447.32
Jerome,6,30,2591950.55,2366019.31,225931.24,884683,658751.31,225931.69,67779.94,56483.28,11296.66
Jerseyville,9,37,1745526.47,1600146.7,145379.77,506290,360910.21,145379.79,43614.27,36345.24,7269.03
Johnsburg,10,48,2460932.58,2246205.64,214726.94,826899,612172.31,214726.69,64418.7,53682.24,10736.46
Johnston City,6,29,1789473.87,1642790.01,146683.86,505871,359186.51,146684.49,44005.69,36671.42,7334.27
Joliet,73,293,16986783.18,15641334.26,1345448.92,5188830,3843384,1345446,403636.32,336363.71,67272.61
Jonesboro,1,5,108477.51,97018.23,11459.28,32952,21492.72,11459.28,3437.84,2864.87,572.97
Joy,2,6,119226.8,109188.97,10037.83,29518,19480.17,10037.83,3011.36,2509.47,501.89
Junction City,1,4,110226.63,103035.18,7191.45,36245,29053.55,7191.45,2157.45,1797.88,359.57
Justice,12,58,3751977.65,3481247.4,270730.25,1161809,891078.8,270730.2,81219.34,67682.8,13536.54
Kampsville,2,6,144882.52,130067.4,14815.12,45564,30748.95,14815.05,4444.61,3703.84,740.77
Kane,1,4,100651.05,91062.42,9588.63,32088,22499.21,9588.79,2876.63,2397.19,479.44
Kangley,1,3,114442.98,105181.57,9261.41,33366,24104.59,9261.41,2778.5,2315.42,463.08
Kankakee,39,180,9481931.11,8708817.19,773113.92,3279127,2506237.52,772889.48,231868.66,193223.93,38644.73
Kappa,1,4,155258.8,145250.04,10008.76,54656,44647.24,10008.76,3002.71,2502.26,500.45
Keithsburg,2,7,147507.59,139787.87,7719.72,47836,40116.53,7719.47,2315.91,1929.93,385.98
Kempton,1,3,29308.31,26148.46,3159.85,11253,8093.21,3159.79,947.95,789.96,157.99
Kenney,1,5,133160.59,125131.62,8028.97,33999,25969.86,8029.14,2408.83,2007.36,401.47
Kewanee,23,93,3605217.99,3327500.53,277717.46,1133587,855869.01,277717.99,83316.16,69430.16,13886
Keyesport,2,9,309136.39,289386.14,19750.25,101347,81596.75,19750.25,5925.16,4937.64,987.52
Kilbourne,1,5,105532.45,93334.85,12197.6,38629,26431.4,12197.6,3659.29,3049.41,609.88
Kincaid,1,4,100731.05,94328.07,6402.98,32999,26596.02,6402.98,1920.89,1600.74,320.15
Kingston,2,8,371790.48,346225.38,25565.1,110687,85121.8,25565.2,7669.63,6391.36,1278.27
Kingston Mines,2,6,76047.47,66278.61,9768.86,22272,12503.35,9768.65,2930.64,2442.21,488.43
Kirkland,3,11,166668.65,155829.61,10839.04,49212,38372.81,10839.19,3251.82,2709.84,541.98
Knoxville,2,7,353843,323186.15,30656.85,104097,73439.65,30657.35,9197.32,7664.43,1532.89
La Salle,25,104,4463607.4,4113308.16,350299.24,1425661,1075353.22,350307.78,105093.09,87577.6,17515.49
Lacon,6,22,575314.62,540298.41,35016.21,180013,144996.79,35016.21,10504.95,8754.12,1750.83
Ladd,3,13,470194.05,430196.02,39998.03,144119,104120.76,39998.24,11999.56,9999.63,1999.93
Lake In the Hills,11,49,4248847.26,3924211.76,324635.5,1347087,1022289.57,324797.43,97439.8,81199.85,16239.95
Lake Villa,8,37,2931487.25,2700086.51,231400.74,969487,738087.06,231399.94,69420.33,57850.27,11570.06
Lake Zurich,11,53,3912179.72,3607263.45,304916.27,1172020,867104.13,304915.87,91475.11,76229.26,15245.85
Lakemoor,4,20,1425934.73,1319494.5,106440.23,425745,319305.02,106439.98,31932.2,26610.18,5322.02
Lamoille,1,3,191222.02,178007.89,13214.13,54772,41557.87,13214.13,3964.23,3303.53,660.7
Lanark,2,5,175402.43,161830.44,13571.99,52494,38922.16,13571.84,4071.54,3392.96,678.58
Lansing,12,54,3274153.76,3018368.4,255785.36,1016236,760450.58,255785.42,76736.16,63946.81,12789.35
Lawrence County,6,27,2319350.19,2139354.53,179995.66,677209,497220.8,179988.2,53996.64,44997.23,8999.41
Lawrenceville,8,37,1436394.38,1326753.75,109640.63,412177,302535.41,109641.59,32892.75,27410.63,5482.12
Lebanon,4,16,582131.54,534626.86,47504.68,205562,158057.41,47504.59,14251.46,11876.23,2375.23
Lee,1,3,65511.39,60097.95,5413.44,22064,16650.58,5413.42,1624.04,1353.36,270.68
Leland,1,5,127699.98,119116.96,8583.02,43547,34964.08,8582.92,2574.94,2145.79,429.15
Lemont,14,66,3996374.75,3693865.73,302509.02,1258868,956359.66,302508.34,90753.05,75627.59,15125.46
Lena,4,17,431498.66,395057.05,36441.61,128700,92271.38,36428.62,10928.82,9107.36,1821.46
Lenzburg,1,4,255926.33,241528.83,14397.5,87432,73034.5,14397.5,4319.29,3599.41,719.88
Leonore,1,2,81624.13,76710.17,4913.96,25303,20389.05,4913.95,1474.23,1228.53,245.7
Leroy,5,22,1481783.79,1363819.89,117963.9,416288,298324.74,117963.26,35389.22,29491.03,5898.19
Lewistown,4,13,416523.47,384924.54,31598.93,118091,86491.68,31599.32,9479.92,7899.94,1579.98
Lexington,2,9,181008.37,166821.67,14186.7,45609,31422.3,14186.7,4256.06,3546.72,709.34
Limestone,1,5,140629.99,136654.79,3975.2,43275,39299.84,3975.16,1192.58,993.81,198.77
Lincoln,16,79,6367612.25,5852472.4,515139.85,1923195,1408866.18,514328.82,154299.52,128582.93,25716.59
Lindenhurst,1,5,524837.54,476556.69,48280.85,166219,117938.18,48280.82,14484.35,12070.29,2414.06
Litchfield,13,61,3289739.18,3016879.7,272859.48,941817,668903.23,272913.77,81874.44,68228.73,13645.71
Little York,1,3,65419.67,59415.42,6004.25,17438,11433.75,6004.25,1801.3,1501.09,300.21
Livingston,1,3,107355.72,98480.55,8875.17,33173,24297.83,8875.17,2662.55,2218.79,443.76
Loami,1,4,78478.79,70416.6,8062.19,27381,19318.81,8062.19,2418.63,2015.52,403.11
Lockport,14,66,4546829.09,4200312.22,346516.87,1331245,984719.84,346525.16,103958.08,86631.73,17326.35
Loda,2,9,326656.72,301192.54,25464.18,103918,78453.43,25464.57,7639.56,6366.3,1273.26
Lomax,2,6,203086.01,186267.15,16818.86,57709,40890.14,16818.86,5045.74,4204.78,840.96
London Mills,1,4,279326.99,257333.42,21993.57,78476,56482.53,21993.47,6598.12,5498.44,1099.68
Long Creek,3,15,1055458.79,969066.6,86392.19,351910,265517.37,86392.63,25917.96,21598.3,4319.66
Long Grove,5,19,512575.01,476302.07,36272.94,152495,116221.49,36273.51,10882.08,9068.42,1813.66
Long Point,1,4,83145.57,80031.18,3114.39,29069,25954.93,3114.07,934.24,778.53,155.71
Loraine,1,4,187089.85,177839.16,9250.69,43951,34700.25,9250.75,2775.32,2312.76,462.56
Lostant,2,4,0,0,0,0,0,0,0,0,0
Loves Park,47,229,20239791.84,18685503.77,1554288.07,6152640,4598353.65,1554286.35,466287.78,388573.18,77714.6
Lovington,2,10,401815.74,373860.37,27955.37,104643,76688.63,27954.37,8386.37,6988.64,1397.73
Ludlow,1,2,119177.29,113423.32,5753.97,31940,26186.03,5753.97,1726.18,1438.48,287.7
Lyndon,2,9,361592.18,326993.59,34598.59,113876,79277.31,34598.69,10379.62,8649.69,1729.93
Lynwood,9,44,3058730.83,2826099.68,232631.15,919544,686913.75,232630.25,69789.14,58157.63,11631.51
Lyons,18,89,5922651.68,5461231.42,461420.26,1772610,1311190.24,461419.76,138426.7,115355.64,23071.06
Machesney Park,14,66,4895532.27,4504586.73,390945.54,1451670,1060724.67,390945.33,117284.09,97736.76,19547.33
Mackinaw,1,4,125567.03,113663.95,11903.08,46124,34220.72,11903.28,3571.05,2975.88,595.17
Macomb,9,31,1055409.96,966127.62,89282.34,303871,214587.98,89283.02,26785.27,22321.07,4464.2
Macon,3,15,783541.68,717639.92,65901.76,235052,169149.95,65902.05,19770.84,16475.72,3295.12
Madison,9,40,2891138.16,2645970.95,245167.21,871812,626578.37,245233.63,73570.41,61308.66,12261.75
Magnolia,1,5,121573.49,110420.61,11152.88,40323,29170.12,11152.88,3345.91,2788.26,557.65
Mahomet,2,8,166020.64,152217.4,13803.24,64739,50935.51,13803.49,4141.1,3450.92,690.18
Malta,1,5,312363.37,286758.36,25605.01,94211,68605.99,25605.01,7681.53,6401.28,1280.25
Manhattan,4,20,1056664.85,976492.29,80172.56,329813,249639.9,80173.1,24052.05,20043.38,4008.67
Manito,2,10,360252.3,328046.28,32206.02,124662,92455.98,32206.02,9661.84,8051.53,1610.31
Manlius,2,7,161857.79,144159.31,17698.48,73804,56105.42,17698.58,5309.62,4424.69,884.93
Mansfield,1,5,261192.5,237899.63,23292.87,79037,55744.09,23292.91,6987.93,5823.28,1164.65
Manteno,13,62,3094408.45,2849732.34,244676.11,983416,738736.16,244679.84,73404.57,61170.5,12234.07
Maple Park,4,14,445401.26,407447.88,37953.38,135720,97766.58,37953.42,11386.14,9488.46,1897.68
Mapleton,1,3,162350.01,152596.41,9753.6,56078,46324.4,9753.6,2926.09,2438.41,487.68
Maquon,1,3,47147.26,42185.76,4961.5,15474,10512.5,4961.5,1488.5,1240.42,248.08
Marengo,10,47,1912992.78,1745750.02,167242.76,657273,490057.26,167215.74,50165.18,41804.34,8360.84
Marietta,2,8,285080.49,259550.95,25529.54,91885,66355.34,25529.66,7659.03,6382.53,1276.5
Marine,2,9,543812.9,501736.89,42076.01,182306,140230.09,42075.91,12622.84,10519.04,2103.8
Marion,18,78,5891120.42,5448579.53,442540.89,1699679,1257061.96,442617.04,132786.03,110655.04,22130.99
Marissa,2,8,388882.05,352847.82,36034.23,133759,97724.92,36034.08,10810.32,9008.61,1801.71
Mark,1,4,136116.55,130226.24,5890.31,41700,35809.69,5890.31,1767.12,1472.6,294.52
Markham,8,39,2729684.12,2521237.41,208446.71,917375,708928.34,208446.66,62534.28,52111.93,10422.35
Maroa,1,5,197898.03,176235.42,21662.61,67617,45954.57,21662.43,6498.74,5415.62,1083.12
Marseilles,11,45,1724973.34,1608219.82,116753.52,538487,421733.45,116753.55,35026.57,29188.82,5837.75
Marshall,4,18,2344434.06,2165629.55,178804.51,600632,421774.96,178857.04,53657.23,44714.36,8942.87
Martinsville,1,5,422854.8,386440.59,36414.21,111890,75535.77,36354.23,10906.31,9088.59,1817.72
Martinton,1,2,50100.75,44435.33,5665.42,12222,6552.03,5669.97,1701.03,1417.52,283.51
Mascoutah,11,42,2332597.54,2177762.6,154834.94,705020,550208.18,154811.82,46443.83,38703.19,7740.64
Mason City,4,15,526413.76,487101.94,39311.82,156010,116698.1,39311.9,11793.74,9828.13,1965.61
Mason County,4,14,388005.96,356021.24,31984.72,114205,82220.23,31984.77,9595.55,7996.29,1599.26
Matherville,1,3,47896.14,43684.99,4211.15,16809,12597.85,4211.15,1263.41,1052.84,210.57
Matteson,11,49,4205531.69,3869969.01,335562.68,1411933,1076369.98,335563.02,100669.44,83891.23,16778.21
Mattoon,29,144,8531052.2,7877161.24,653890.96,2626282,1972374.73,653907.27,196173.68,163478.07,32695.61
Maywood,1,5,351641.08,325684.57,25956.51,119402,93445.49,25956.51,7787,6489.17,1297.83
Mazon,1,5,168275.4,154464.09,13811.31,55975,42163.54,13811.46,4143.51,3452.92,690.59
McClure,1,3,154193.19,144257.86,9935.33,36402,26466.67,9935.33,2980.62,2483.86,496.76
McCook,6,26,1406229.37,1297549.96,108679.41,423653,314973.97,108679.03,32604,27170.01,5433.99
McCullom Lake,1,5,178888.37,163376.8,15511.57,68127,52615.43,15511.57,4653.58,3877.99,775.59
McHenry,32,140,8577054.98,7874772.89,702282.09,2692658,1990615.31,702042.69,210614.13,175511.84,35102.29
McLean,1,5,731049.74,679729.26,51320.48,207825,156458.79,51366.21,15409.83,12841.53,2568.3
Mcleansboro,3,14,651723.21,614865.59,36857.62,176520,139662.43,36857.57,11057.32,9214.44,1842.88
McNabb,1,4,90508.3,82823.52,7684.78,28017,20332.19,7684.81,2305.47,1921.22,384.25
Mechanicsburg,3,9,185572.48,172169.69,13402.79,57333,43930.21,13402.79,4020.88,3350.74,670.14
Melrose Park,22,98,6639560.95,6104945.34,534615.61,2035952,1501336.1,534615.9,160385.65,133654.75,26730.9
Mendon,2,9,348233.59,319640,28593.59,88633,60039.23,28593.77,8578.19,7148.49,1429.7
Mendota,15,63,2686287.3,2483672.04,202615.26,794078,591462.1,202615.9,60785.3,50654.44,10130.86
Menominee,2,8,52306.71,48780.18,3526.53,25270,21737.53,3532.47,1059.82,883.19,176.63
Meredosia,2,10,395475.14,358537.31,36937.83,123768,86830.29,36937.71,11081.47,9234.57,1846.9
Merrionette Park,4,17,1660992.73,1507817.89,153174.84,542541,389365.91,153175.09,45952.64,38293.86,7658.78
Metamora,1,5,234828.99,217466.41,17362.58,69094,51731.41,17362.59,5208.82,4340.68,868.14
Metcalf,1,5,117941.52,111207.35,6734.17,29333,22599.63,6733.37,2020.03,1683.36,336.67
Metropolis,7,31,2627123.69,2427698.28,199425.41,725464,526363.18,199100.82,59730.41,49775.36,9955.05
Middletown,1,4,108388.74,98220.27,10168.47,29557,19388.53,10168.47,3050.62,2542.19,508.43
Midlothian,22,105,5186893.97,4770828.64,416065.33,1699961,1283895.15,416065.85,124820.69,104017.28,20803.41
Milan,9,34,1510649.52,1391742.16,118907.36,434785,315877.62,118907.38,35672.31,29726.93,5945.38
Milford,2,9,256916.53,237901.26,19015.27,82018,63002.78,19015.22,5704.62,4753.85,950.77
Milledgeville,1,4,143143.79,132364.16,10779.63,52767,41987.22,10779.78,3233.94,2694.95,538.99
Millington,2,6,121458.2,112070.77,9387.43,44007,34619.6,9387.4,2816.24,2346.87,469.37
Millstadt,6,22,1006505.55,938554.24,67951.31,303785,235834.14,67950.86,20385.42,16987.86,3397.56
Mineral,1,5,233373.08,219016.39,14356.69,82465,68108.31,14356.69,4307.07,3589.23,717.84
Minier,2,8,295299.14,272662.2,22636.94,105694,82969.98,22724.02,6817.27,5681.06,1136.21
Minonk,4,15,800712.08,738503.62,62208.46,228978,166760.09,62217.91,18665.47,15554.57,3110.9
Minooka,10,45,1646277.09,1503767.06,142510.03,496773,354041.55,142731.45,42819.79,35683.15,7136.64
Mokena,13,61,6144249.91,5664355.04,479894.87,1771469,1291525.28,479943.72,143983.66,119986.41,23997.25
Moline,29,103,4525276.22,4157852.47,367423.75,1386580,1019098.81,367481.19,110244.85,91870.75,18374.1
Momence,8,35,946259.3,873053.92,73205.38,334723,261517.38,73205.62,21961.9,18301.6,3660.3
Monee,9,43,2845206.46,2618921.47,226284.99,854791,628384.43,226406.57,67922.37,56601.98,11320.39
Monmouth,9,36,1543365.28,1410328.4,133036.88,468594,335530.84,133063.16,39919.33,33266.1,6653.23
Monroe Center,3,13,745075.6,686842.87,58232.73,245897,187739.85,58157.15,17447.24,14539.37,2907.87
Montgomery,7,31,1688855.37,1553832.61,135022.76,493109,358007.64,135101.36,40530.73,33775.63,6755.1
Monticello,9,41,1998881.19,1835028.52,163852.67,613634,449780.87,163853.13,49156.14,40963.46,8192.68
Montrose,1,5,244270.17,226525.11,17745.06,82840,65094.94,17745.06,5323.58,4436.32,887.26
Morris,25,98,5582031.03,5108918.22,473112.81,1755271,1282158.61,473112.39,141934.62,118278.88,23655.74
Morrison,5,25,759980.75,691024.99,68955.76,243978,175022.28,68955.72,20686.92,17239.1,3447.82
Morrisonville,2,9,246565.78,223448.03,23117.75,69700,46582.32,23117.68,6935.37,5779.47,1155.9
Morton Grove,8,40,7306090.39,6740502.71,565587.68,2006985,1441397.33,565587.67,169676.79,141397.33,28279.46
Mound City,1,5,126437.55,112773.01,13664.54,38381,24716.5,13664.5,4099.42,3416.19,683.23
Mount Auburn,1,4,147517.55,137290.4,10227.15,31769,21541.85,10227.15,3068.12,2556.77,511.35
Mount Carmel,8,36,1797610.93,1664909.46,132701.47,411561,278859.69,132701.31,39810.59,33175.49,6635.1
Mount Carroll,3,12,288001.32,264396.21,23605.11,81950,58346.38,23603.62,7081.19,5901,1180.19
Mount Clare,2,10,573206.03,526790.3,46415.73,167781,121365.75,46415.25,13924.68,11603.91,2320.77
Mount Morris,7,28,678899.45,618846.46,60052.99,241131,181078.28,60052.72,18015.96,15013.32,3002.64
Mount Olive,7,30,919201.24,844273.92,74927.32,251615,176687.68,74927.32,22478.4,18732.01,3746.39
Mount Pulaski,1,5,328612.96,298847.85,29765.11,109037,79271.89,29765.11,8929.63,7441.36,1488.27
Mount Sterling,2,6,80093.74,72492.93,7600.81,21835,14234.19,7600.81,2280.26,1900.22,380.04
Mount Vernon,17,77,7264866.5,6729881.04,534985.46,2021767,1486707.85,535059.15,160518.67,133765.58,26753.09
Mount Zion,3,15,831766.16,756507.54,75258.62,282729,207470.33,75258.67,22577.74,18814.79,3762.95
Moweaqua,2,6,167241.1,151173.06,16068.04,51658,35589.93,16068.07,4820.51,4017.1,803.41
Muddy,1,5,209275.46,195702.87,13572.59,57187,43614.79,13572.21,4071.71,3393.09,678.62
Mulberry Grove,1,3,106379.99,98890.89,7489.1,30127,22637.9,7489.1,2246.72,1872.26,374.46
Mundelein,10,46,2999771.49,2749891.85,249879.64,910576,660696.21,249879.79,74964.43,62470.37,12494.06
Murphysboro,8,39,1890133.81,1753232.1,136901.71,534059,397157.5,136901.5,41070.86,34225.72,6845.14
Naplate,4,17,655279.03,615464.76,39814.27,215162,175347.49,39814.51,11944.39,9953.67,1990.72
Naples,1,3,51770.06,46436.63,5333.43,19707,14373.42,5333.58,1600.13,1333.45,266.68
Nashville,7,32,1871362.91,1721152.14,150210.77,577973,427739.58,150233.42,45070.34,37558.62,7511.72
Nelson,1,4,177613.27,164112.71,13500.56,51434,37933.41,13500.59,4050.24,3375.2,675.04
Neoga,3,13,749090.17,696989.6,52100.57,228120,176019.68,52100.32,15630.25,13025.22,2605.03
Neponset,2,9,242926.44,222594.84,20331.6,84023,63691.4,20331.6,6099.53,5082.95,1016.58
New Athens,2,8,154413.65,142113.38,12300.27,47979,35678.73,12300.27,3690.2,3075.17,615.03
New Baden,3,12,926580,855140.19,71439.81,250337,178883.85,71453.15,21436.05,17863.38,3572.67
New Berlin,2,10,649239.28,588379.3,60859.98,201067,140206.83,60860.17,18258.12,15215.1,3043.02
New Boston,2,8,303310.54,278841.85,24468.69,77778,53309.28,24468.72,7340.7,6117.25,1223.45
New Canton,2,8,241007.55,216599.63,24407.92,79345,54937.02,24407.98,7322.41,6102.02,1220.39
New Douglas,1,4,103870.83,98488.61,5382.22,28922,23539.78,5382.22,1614.64,1345.54,269.1
New Holland,2,7,141384.64,132099.69,9284.95,36754,27468.9,9285.1,2785.56,2321.29,464.27
New Lenox,12,55,3544712.33,3271826.45,272885.88,1167882,894799.31,273082.69,81924.94,68270.77,13654.17
New Milford,4,20,1024219.32,942145.13,82074.19,316797,234722.81,82074.19,24622.48,20518.74,4103.74
New Minden,1,5,37152.28,33462.92,3689.36,12527,8837.58,3689.42,1106.79,922.33,184.46
Newman,1,4,98159.49,90352.82,7806.67,28079,20272.41,7806.59,2341.96,1951.64,390.32
Newton,6,24,527241.76,488841.41,38400.35,151539,113138.82,38400.18,11520.29,9600.25,1920.04
Niantic,1,3,73328.19,65582.21,7745.98,19492,11745.86,7746.14,2323.87,1936.56,387.31
Niles,10,48,2231168.1,2046511.67,184656.43,765786,581130.52,184655.48,55397.07,46164.26,9232.81
Nokomis,4,14,325138.99,298670.98,26468.01,95627,69159.13,26467.87,7940.45,6617.04,1323.41
Nora,1,3,44038.18,38658.71,5379.47,13304,7924.63,5379.37,1613.83,1344.86,268.97
Normal,12,55,4265334.87,3934404.72,330930.15,1366177,1035141.83,331035.17,99311.06,82759.22,16551.84
Norridge,8,38,3492415.75,3230341.03,262074.72,1060944,798868.3,262075.7,78623.13,65519.28,13103.85
Norris,1,2,53865.24,47541.09,6324.15,16767,10442.85,6324.15,1897.29,1581.08,316.21
Norris City,1,3,67620.15,63863.35,3756.8,18256,14499.2,3756.8,1127.06,939.22,187.84
North Aurora,7,30,1723185.53,1585512.08,137673.45,520479,382805.55,137673.45,41302.25,34418.54,6883.71
North Chicago,12,56,3900631.31,3600270.82,300360.49,1376901,1076538.4,300362.6,90109.35,75091.16,15018.19
North City,1,5,362237.23,331103.87,31133.36,113312,82178.64,31133.36,9340.07,7783.39,1556.68
North Pekin,7,30,1190467.11,1094216.46,96250.65,367950,271699.19,96250.81,28875.41,24062.87,4812.54
North Riverside,10,48,4382693.11,4031907.05,350786.06,1463906,1113119.54,350786.46,105236.31,87696.94,17539.37
North Utica,6,26,1436461.46,1341715.06,94746.4,427012,332643.63,94368.37,28310.88,23592.42,4718.46
Northlake,10,44,2872009.04,2643874.21,228134.83,916428,688041.12,228386.88,68516.45,57097.06,11419.39
Norwood,1,4,177911.51,164881.56,13029.95,65712,52682.05,13029.95,3909.03,3257.53,651.5
O'Fallon,12,54,2875751.1,2643376.78,232374.32,894536,662152.42,232383.58,69715.5,58096.29,11619.21
Oak Forest,17,81,6774875.97,6276894.87,497981.1,2172285,1674302.42,497982.58,149395.54,124496.32,24899.22
Oak Grove,1,5,530574.35,483348.82,47225.53,153474,106248.47,47225.53,14167.71,11806.43,2361.28
Oak Lawn,39,190,15617149.62,14386842.83,1230306.79,4777363,3547076.68,1230286.32,369087.72,307573.19,61514.53
Oakbrook Terrace,10,50,5245035.7,4833535.08,411500.62,1562401,1150899.98,411501.02,123450.87,102875.72,20575.15
Oakdale,1,4,90104.9,81830.58,8274.32,32398,24123.68,8274.32,2482.33,2068.61,413.72
Oakford,1,4,81277.16,73679.25,7597.91,30700,23102.09,7597.91,2279.36,1899.47,379.89
Oakland,1,4,20445.47,20978.26,-532.79,8215,8747.79,-532.79,-159.8,-133.17,-26.63
Oakwood,3,15,1498508.9,1379574.76,118934.14,445579,326518.64,119060.36,35718.29,29765.25,5953.04
Oblong,2,8,216236.61,199301.47,16935.14,55693,38757.86,16935.14,5080.64,4233.87,846.77
Oconee,1,5,335012.7,310888.72,24123.98,92488,68363.88,24124.12,7237.32,6031.11,1206.21
Odell,2,7,248193.67,229773.73,18419.94,73458,55037.57,18420.43,5526.27,4605.24,921.03
Ogden,2,10,535512.56,486843.39,48669.17,184383,135713.83,48669.17,14600.92,12167.43,2433.49
Ogle County,3,14,352286.46,326257.99,26028.47,112779,86748.55,26030.45,7809.26,6507.72,1301.54
Oglesby,12,52,2079469.59,1919009.35,160460.24,648219,487763.77,160455.23,48136.92,40114.09,8022.83
Ohio,1,3,80149.78,73167.59,6982.19,21975,14992.81,6982.19,2094.64,1745.53,349.11
Ohlman,1,4,168473.15,152942.1,15531.05,51599,36060.95,15538.05,4661.45,3884.54,776.91
Okawville,7,26,915234.41,845105.84,70128.57,277759,207412.56,70346.44,21104.01,17586.67,3517.34
Old Shawneetown,1,3,57331.24,50112.73,7218.51,15730,8511.3,7218.7,2165.64,1804.71,360.93
Olney,10,44,2242723.65,2064634.46,178089.19,622788,444954.57,177833.43,53350.49,44458.76,8891.73
Olympia Fields,1,4,12615.88,12032.73,583.15,3779,3195.85,583.15,174.95,145.79,29.16
Onarga,1,4,130829.21,118283.36,12545.85,62900,50354.15,12545.85,3763.81,3136.51,627.3
Oquawka,3,13,492312.22,451772.29,40539.93,119337,78797.04,40539.96,12162.12,10135.1,2027.02
Orangeville,2,6,164896.15,150238.5,14657.65,55491,40833.35,14657.65,4397.42,3664.53,732.89
Oreana,1,3,15243.85,14653.96,589.89,4370,3780.11,589.89,176.97,147.47,29.5
Oregon,11,51,2508150.97,2317451.43,190699.54,753228,562425.11,190802.89,57241.4,47701.19,9540.21
Orient,2,9,370922.24,345754.05,25168.19,110515,85350.33,25164.67,7549.5,6291.24,1258.26
Orion,3,10,274550.87,249334.42,25216.45,83539,58322.55,25216.45,7565.01,6304.18,1260.83
Orland Hills,4,20,2777311.41,2581556.89,195754.52,772893,577130.03,195762.97,58729.16,48940.97,9788.19
Oswego,9,42,3052548.31,2806066.83,246481.48,943749,697266.68,246482.32,73945.32,61621.12,12324.2
Ottawa,31,134,6370112.68,5871463.93,498648.75,1959898,1461289.65,498608.35,149583.57,124653.01,24930.56
Palestine,2,9,234809.6,212776.22,22033.38,88657,66623.62,22033.38,6610.12,5508.43,1101.69
Palmyra,1,3,75117.58,67444.49,7673.09,25275,17601.91,7673.09,2301.93,1918.28,383.65
Palos Hills,9,40,2513889.96,2329496.7,184393.26,759925,575531.92,184393.08,55318.2,46098.52,9219.68
Pana,10,44,1500399.37,1378662,121737.37,466755,345018.49,121736.51,36521.48,30434.57,6086.91
Panama,2,7,154280.63,141159.05,13121.58,47989,34867.19,13121.81,3936.61,3280.5,656.11
Paris,11,48,2823939.43,2584130.97,239808.46,768668,528859.91,239808.09,71942.69,59952.25,11990.44
Park City,1,3,64784.26,57672.17,7112.09,26947,19834.91,7112.09,2133.69,1778.08,355.61
Park Forest,3,15,531713.68,496401.1,35312.58,161886,126573.88,35312.12,10593.67,8828.06,1765.61
Patoka,1,5,428604.11,400767.44,27836.67,90412,62575.33,27836.67,8350.99,6959.16,1391.83
Paw Paw,2,8,32511.69,29414.24,3097.45,10858,7760.21,3097.79,929.42,774.51,154.91
Pawnee,4,19,1149984.93,1066301.93,83683,360510,276826.29,83683.71,25105.32,20921.11,4184.21
Paxton,1,5,287557.78,264816.18,22741.6,85450,62708.35,22741.65,6822.6,5685.5,1137.1
Payson,1,3,117625.27,109327.69,8297.58,32889,24591.42,8297.58,2489.26,2074.39,414.87
Pearl,1,3,33931.54,30644.91,3286.63,11452,8165.37,3286.63,986.06,821.72,164.34
Pearl City,2,4,67917.98,65935.18,1982.8,21201,19270.69,1930.31,579.12,482.6,96.52
Pecatonica,3,13,836691.49,763835.18,72856.31,264542,191685.39,72856.61,21857.13,18214.27,3642.86
Pekin,33,149,8389333.56,7722661.34,666672.22,2505409,1838735.85,666673.15,200003.22,166669.41,33333.81
Peoria,61,241,12831440.85,11822066.64,1009374.21,3988120,2978739.05,1009380.95,302815.86,252346.62,50469.24
Peoria Heights,13,54,3067411.14,2845831.36,221579.78,943491,721911.63,221579.37,66474.35,55395.31,11079.04
Peotone,6,28,873294.37,816201.22,57093.15,253542,196449.28,57092.72,17128.05,14273.39,2854.66
Percy,2,10,407662.02,383938.99,23723.03,128932,105231.67,23700.33,7110.15,5925.13,1185.02
Peru,20,92,3999513.92,3703313.65,296200.27,1289528,993490.22,296037.78,88811.71,74009.78,14801.93
Pesotum,1,4,76085.65,69519.23,6566.42,29843,23276.58,6566.42,1970.03,1641.69,328.34
Petersburg,7,28,687131.11,631635.6,55495.51,214653,159157.77,55495.23,16648.73,13873.94,2774.79
Philo,2,9,379165.76,355830.1,23335.66,121950,98614.48,23335.52,7000.71,5833.93,1166.78
Phoenix,1,5,651347.96,605690.47,45657.49,216633,170975.53,45657.47,13697.35,11414.46,2282.89
Pierron,3,10,328442.74,297559.87,30882.87,94500,63617.13,30882.87,9264.88,7720.74,1544.14
Pinckneyville,4,17,1200432.85,1110753.16,89679.69,359946,270260.42,89685.58,26905.82,22421.53,4484.29
Pingree Grove,2,10,1302176.51,1200063.61,102112.9,397406,295281.95,102124.05,30637.4,25531.17,5106.23
Piper City,2,9,211956.08,192714.71,19241.37,80100,60858.77,19241.23,5772.45,4810.39,962.06
Pittsburg,1,5,85036.2,77668.41,7367.79,33692,26324.21,7367.79,2210.4,1842.01,368.39
Pittsfield,6,21,581520,530490.78,51029.22,176385,125354.34,51030.66,15309.47,12757.9,2551.57
Plano,10,44,2352236.18,2152111.72,200124.46,710096,509945.02,200150.98,60045.85,50038.23,10007.62
Pleasant Plains,2,10,229702.25,209797.54,19904.71,71287,51381.99,19905.01,5971.57,4976.31,995.26
Plymouth,1,4,119896.55,106651.08,13245.47,33566,20320.58,13245.42,3973.68,3311.4,662.28
Pocahontas,5,19,699621.93,640155.38,59466.55,224802,165335.5,59466.5,17840.21,14866.84,2973.37
Polo,3,13,448784.46,414361.63,34422.83,148302,113879.22,34422.78,10326.81,8605.68,1721.13
Pontiac,17,77,4281298.06,3947515.83,333782.23,1357589,1023806.41,333782.59,100135.53,83446.3,16689.23
Pontoon Beach,6,30,3682494.73,3392938.68,289556.05,982415,692581.77,289833.23,86950.15,72458.48,14491.67
Poplar Grove,4,20,1380171.53,1278402.49,101769.04,416897,315035.52,101861.48,30558.53,25465.44,5093.09
Port Barrington,3,15,388535.54,358419.98,30115.56,138798,108682.34,30115.66,9034.82,7529.02,1505.8
Port Byron,2,9,231427.3,212125.15,19302.15,67489,48186.81,19302.19,5790.76,4825.63,965.13
Posen,7,33,1403698.86,1289882.77,113816.09,471725,357908.69,113816.31,34145.29,28454.42,5690.87
Prairie Du Rocher,2,10,354537.38,327953.3,26584.08,115321,88736.83,26584.17,7975.38,6646.15,1329.23
Prairie Grove,2,9,320007.37,290232.35,29775.02,96438,66663.12,29774.88,8932.53,7443.78,1488.75
Princeton,16,65,2887429.08,2660636.49,226792.59,906439,679566.6,226872.4,68062.31,56718.6,11343.71
Princeville,2,7,176317.09,164070.51,12246.58,56867,44620.42,12246.58,3674.01,3061.68,612.33
Prophetstown,2,10,344065.31,316993.22,27072.09,104877,77968.6,26908.4,8072.49,6727.08,1345.41
Prospect Heights,12,59,5484550.2,5070123.47,414426.73,1696868,1282441.1,414426.9,124328.65,103607.23,20721.42
Quincy,49,98,6480459.35,5998093.07,482366.28,1824940,1342526.69,482413.31,144725.09,120604.26,24120.83
Rankin,1,3,122736.92,109016.53,13720.39,43656,29935.96,13720.04,4116.02,3430.01,686.01
Ransom,1,5,210685.82,191981.32,18704.5,62927,44222.5,18704.5,5611.42,4676.18,935.24
Rantoul,12,56,4038507.05,3724091.9,314415.15,1315320,1000868.73,314451.27,94336.21,78613.5,15722.71
Raymond,2,9,270789.1,250455.14,20333.96,75391,55056.78,20334.22,6100.4,5083.67,1016.73
Red Bud,5,19,426363.55,396504.59,29858.96,135387,105527.33,29859.67,8958.12,7465.1,1493.02
Reddick,1,3,61437.72,57230.44,4207.28,17569,13361.72,4207.28,1262.2,1051.84,210.36
Richmond,10,41,2577729.49,2381645.69,196083.8,793457,597372.99,196084.01,58825.6,49021.36,9804.24
Richton Park,7,29,1091802.96,993594.6,98208.36,387218,289011.02,98206.98,29462.32,24551.94,4910.38
Ridge Farm,1,4,165854.84,153869.66,11985.18,51639,39653.76,11985.24,3595.55,2996.3,599.25
Ridgway,2,9,452261.97,420337.22,31924.75,101773,69848.25,31924.75,9577.39,7981.17,1596.22
Ringwood,2,10,597240.36,553945.83,43294.53,190944,147649.47,43294.53,12988.46,10823.72,2164.74
River Grove,14,66,4368428.16,4017775.9,350652.26,1354620,1003968.08,350651.92,105196.22,87663.55,17532.67
Riverdale,1,5,313873.91,288514.54,25359.37,98637,73277.63,25359.37,7607.87,6339.89,1267.98
Riverton,5,25,1130361.98,1028694.13,101667.85,341996,240328.56,101667.44,30500.56,25417.13,5083.43
Roanoke,2,6,145965.52,133994.2,11971.32,41106,29134.68,11971.32,3591.48,2992.9,598.58
Robbins,3,13,546524.1,501818.96,44705.14,188385,143679.99,44705.01,13411.57,11176.31,2235.26
Roberts,2,5,58389.45,51881.38,6508.07,19559,13050.93,6508.07,1952.45,1627.04,325.41
Robinson,7,26,1099500.64,1017160.39,82340.25,308229,225889.2,82339.8,24702.23,20585.2,4117.03
Rochelle,13,57,3243797.63,2977738.46,266059.17,971049,704839.7,266209.3,79863.44,66552.89,13310.55
Rochester,4,16,565776.82,528242.54,37534.28,188084,150549.7,37534.3,11260.31,9383.6,1876.71
Rock City,1,5,191364.45,177254.77,14109.68,66581,52471.38,14109.62,4232.98,3527.49,705.49
Rock Falls,19,92,5061829.57,4659924.2,401905.37,1599612,1197706.3,401905.7,120572.39,100477,20095.39
Rock Island,18,71,3594937.71,3281935.57,313002.14,1071485,758311,313174,93952.86,78294.05,15658.81
Rockdale,7,27,1061612.21,977885.17,83727.04,330246,246519.02,83726.98,25118.29,20931.93,4186.36
Rockford,91,434,38905743.54,35853820.03,3051923.51,12328028,9276024.47,3052003.53,915605.87,763005.07,152600.8
Rockton,5,23,1161542.14,1064365.93,97176.21,368877,271700.69,97176.31,29153.07,24294.24,4858.83
Romeoville,14,67,4634656.58,4258603.11,376053.47,1357109,981055.68,376053.32,112816.68,94013.91,18802.77
Roodhouse,3,13,576854.21,529946.04,46908.17,185266,138357.83,46908.17,14072.51,11727.09,2345.42
Roscoe,15,72,7069216.18,6510801.74,558414.44,2095313,1536492.16,558820.84,167647.06,139705.92,27941.14
Roselle,9,43,3078078.48,2854900.26,223178.22,951744,728565.04,223178.96,66954.08,55795.07,11159.01
Roseville,3,11,103345.95,93073.54,10272.41,28483,18210.74,10272.26,3081.8,2568.18,513.62
Rosiclare,1,5,71792.46,64989.37,6803.09,23075,16271.86,6803.14,2040.99,1700.83,340.16
Rossville,1,3,877.73,887.01,-9.28,324,333.28,-9.28,-2.79,-2.32,-0.47
Round Lake,7,32,2471533.73,2299731.38,171802.35,702424,530621.5,171802.5,51541.08,42950.93,8590.15
Round Lake Beach,10,45,4013330.38,3689656.71,323673.67,1262957,939283.43,323673.57,97102.39,80918.68,16183.71
Round Lake Heights,3,15,2033203.19,1890346.1,142857.09,640133,497275.96,142857.04,42857.21,35714.36,7142.85
Round Lake Park,5,22,1162311.15,1065230.76,97080.39,367701,270620.83,97080.17,29124.31,24270.28,4854.03
Royal,1,3,51733.64,46661.66,5071.98,16837,11764.89,5072.11,1521.65,1268.04,253.61
Royalton,1,3,79021.19,71779.67,7241.52,20173,12931.63,7241.37,2172.47,1810.39,362.08
Ruma,1,3,58528.36,52435.85,6092.51,16715,10622.54,6092.46,1827.76,1523.14,304.62
Rushville,5,19,657793.82,608494.67,49299.15,184955,135655.85,49299.15,14789.95,12324.97,2464.98
Russellville,1,3,59642.38,54763.78,4878.6,14010,9131.41,4878.59,1463.57,1219.64,243.93
Sadorus,1,4,175198.36,155222.52,19975.84,57831,37855.45,19975.55,5992.71,4993.93,998.78
Sainte Marie,2,6,144770.03,131217.53,13552.5,44465,30912.5,13552.5,4065.76,3388.13,677.63
Salem,16,75,4185997.71,3884999.35,300998.36,1179073,878074.6,300998.4,90300.24,75250.23,15050.01
Sandoval,4,20,716785.18,654146.42,62638.76,216347,153708.62,62638.38,18791.66,15659.72,3131.94
Sandwich,7,30,969173.34,887722.99,81450.35,321796,240345.35,81450.65,24435.37,20362.82,4072.55
Sauget,4,18,1125906.77,1035378.25,90528.52,295366,204702.49,90663.51,27199.2,22666.02,4533.18
Sauk Village,1,5,249600.37,224478.23,25122.14,96173,71050.81,25122.19,7536.68,6280.57,1256.11
Saunemin,1,4,142830.29,131692.72,11137.57,61303,50165.43,11137.57,3341.31,2784.42,556.89
Savanna,11,42,1590738.61,1475560.53,115178.08,433321,318132.63,115188.37,34556.77,28797.33,5759.44
Savoy,5,21,1863754.02,1721240.44,142513.58,599589,457075.29,142513.71,42754.44,35628.71,7125.73
Saybrook,1,4,115799.09,108767.97,7031.12,33286,26254.7,7031.3,2109.47,1757.89,351.58
Scales Mound,1,4,90556.92,84149.45,6407.47,27558,21150.51,6407.49,1922.31,1601.92,320.39
Schiller Park,10,43,2078208.1,1921627.57,156580.53,605408,448827.08,156580.92,46974.59,39145.5,7829.09
Schram City,4,15,351892.64,323304.48,28588.16,121806,93218.05,28587.95,8576.52,7147.09,1429.43
Seneca,8,33,1055715.28,985445.09,70270.19,315924,245653.46,70270.54,21081.47,17567.91,3513.56
Sesser,5,21,458415.37,419480.68,38934.69,139632,100697.75,38934.25,11680.35,9733.64,1946.71
Shabbona,3,13,387271.42,354135.26,33136.16,122724,89588.01,33135.99,9940.88,8284.08,1656.8
Shannon,1,2,109170.52,101135.84,8034.68,37249,29214.32,8034.68,2410.43,2008.7,401.73
Shawneetown,1,5,127655.76,118815.17,8840.59,27016,18175.61,8840.39,2652.13,2210.11,442.02
Sheffield,2,5,86704.67,79867.42,6837.25,26013,19175.75,6837.25,2051.22,1709.36,341.86
Shelbyville,8,36,1399852.53,1292714.74,107137.79,397554,290415.42,107138.58,32142,26784.98,5357.02
Sheldon,2,8,219587.29,200876.53,18710.76,74944,56232.97,18711.03,5613.4,4677.83,935.57
Sheridan,2,8,380624.29,357581.61,23042.68,139251,116208.32,23042.68,6912.82,5760.68,1152.14
Sherman,6,23,1117260.25,1035466.72,81793.53,350915,269121.64,81793.36,24538.17,20448.49,4089.68
Sherrard,1,3,69567.84,63106.85,6460.99,20450,13989.01,6460.99,1938.3,1615.25,323.05
Shiloh,4,20,918604.08,846771.82,71832.26,258101,186268.86,71832.14,21549.82,17958.21,3591.61
Shipman,1,5,6506.54,5736.24,770.3,1938,1167.7,770.3,231.09,192.58,38.51
Sibley,1,3,74371.18,64763.02,9608.16,23074,13465.7,9608.3,2882.52,2402.1,480.42
Sidell,1,4,71217.05,66558.94,4658.11,18856,14197.89,4658.11,1397.45,1164.54,232.91
Sidney,1,4,216540.44,197227,19313.44,71710,52396.56,19313.44,5794.09,4828.41,965.68
Sigel,1,5,167037.28,160628.53,6408.75,56953,50544.02,6408.98,1922.74,1602.28,320.46
Silvis,9,43,2703928.82,2490305.93,213622.89,763266,549643.21,213622.79,64087.3,53406.12,10681.18
Smithboro,1,5,270739.18,252799.43,17939.75,76704,58764.25,17939.75,5382.02,4485.02,897
Smithton,3,13,442725.68,403980.13,38745.55,134715,95969.17,38745.83,11623.95,9686.63,1937.32
Somonauk,1,4,119469.38,111200.3,8269.08,32033,23763.92,8269.08,2480.79,2067.33,413.46
Sorento,1,4,130999.53,117740.18,13259.35,41179,27919.65,13259.35,3977.82,3314.85,662.97
South Beloit,10,50,5880916.55,5412752.69,468163.86,1685898,1217806.09,468091.91,140428.27,117023.55,23404.72
South Chicago Heights,7,32,2175044.62,2000265.39,174779.23,711313,536533.74,174779.26,52434.09,43695.09,8739
South Elgin,14,62,5492308.61,5053828.87,438479.74,1636538,1198010.9,438527.1,131558.72,109632.24,21926.48
South Jacksonville,5,23,1614383.83,1491431.98,122951.85,515947,392994.95,122952.05,36885.83,30738.21,6147.62
South Pekin,1,3,40526.55,36310.43,4216.12,13406,9189.88,4216.12,1264.82,1054.02,210.8
South Roxana,2,7,278816.17,251705.75,27110.42,84772,57661.73,27110.27,8133.13,6777.62,1355.51
South Wilmington,2,8,129801.49,121812.24,7989.25,43314,35324.78,7989.22,2396.77,1997.31,399.46
Southern View,5,25,2261278.02,2078578.29,182699.73,757688,574999.37,182688.63,54806.93,45672.45,9134.48
Sparta,6,29,1455753.86,1339658.67,116095.19,473537,357442,116095,34828.78,29024,5804.78
Spaulding,1,5,409942.36,375981.38,33960.98,121174,87213.11,33960.89,10188.29,8490.24,1698.05
Spring Grove,3,14,766316.97,695715.27,70601.7,256044,185442.24,70601.76,21180.68,17650.57,3530.11
Spring Valley,8,39,1330488.95,1221274.51,109214.44,426741,317526.43,109214.57,32764.66,27303.89,5460.77
Springfield,129,577,38827021.94,35901046.25,2925975.69,12447457,9521852.89,2925604.11,877686.34,731405.49,146280.85
St. Anne,2,6,132315.24,119997.18,12318.06,38430,26111.93,12318.07,3695.46,3079.55,615.91
St. Augustine,2,7,99555.62,89247.74,10307.88,34658,24350.07,10307.93,3092.46,2577.06,515.4
St. Charles,13,59,1955880.27,1807827.79,148052.48,637692,489639.36,148052.64,44416.09,37013.43,7402.66
St. David,2,5,133373.11,120744.45,12628.66,40141,27512.34,12628.66,3788.64,3157.19,631.45
St. Francisville,1,3,56532.45,52236.18,4296.27,15671,11374.75,4296.25,1288.89,1074.07,214.82
St. Jacob,1,5,71063.18,63592.34,7470.84,21643,14172.24,7470.76,2241.26,1867.72,373.54
St. Johns,2,9,327398.79,303197.6,24201.19,81621,57418.61,24202.39,7260.83,6050.69,1210.14
St. Joseph,2,9,480496.9,433555.49,46941.41,149017,102076.05,46940.95,14082.38,11735.31,2347.07
St. Libory,1,3,101051.99,95396.94,5655.05,31637,25982.24,5654.76,1696.44,1413.7,282.74
St. Peter,2,5,233451.41,217846.24,15605.17,56563,40957.83,15605.17,4681.57,3901.31,780.26
Standard,1,3,42068.55,37672.15,4396.4,11300,6903.6,4396.4,1318.94,1099.12,219.82
Stanford,1,3,22802.12,20818.32,1983.8,6687,4703.2,1983.8,595.12,495.93,99.19
Staunton,8,35,1247931.59,1155282.82,92648.77,368097,275449.06,92647.94,27794.71,23162.28,4632.43
Steeleville,3,15,830887.45,768411.76,62475.69,267135,204659.01,62475.99,18742.91,15619.1,3123.81
Steger,10,47,2946608.8,2714017.5,232591.3,921782,689136.25,232645.75,69794.03,58161.73,11632.3
Sterling,17,81,4092310.92,3745272.16,347038.76,1345356,998317.4,347038.6,104112.38,86760.35,17352.03
Steward,1,2,95475.12,85849.87,9625.25,29386,19760.75,9625.25,2887.6,2406.34,481.26
Stewardson,1,2,6355.78,5924.74,431.04,1928,1496.96,431.04,129.32,107.77,21.55
Stickney,5,25,1490802.81,1365450.04,125352.77,466664,341309.61,125354.39,37606.58,31338.82,6267.76
Stillman Valley,4,19,833514.41,764696.37,68818.04,290532,221713.97,68818.03,20645.56,17204.64,3440.92
Stockton,7,29,1085310.85,1004010.68,81300.17,314038,232691.07,81346.93,24404.38,20336.99,4067.39
Stone Park,8,36,2067702.72,1886623.29,181079.43,589199,408117.02,181081.98,54324.97,45270.83,9054.14
Stonington,1,4,135469.09,123661.54,11807.55,42920,31112.45,11807.55,3542.31,2951.93,590.38
Strasburg,2,8,214979.39,197174.78,17804.61,67751,49946.7,17804.3,5341.37,4451.14,890.23
Streamwood,10,48,4591313.47,4251565.83,339747.64,1349990,1010253.21,339736.79,101921.44,84934.51,16986.93
Streator,32,140,6289757.56,5811332.99,478424.57,1910606,1432210.14,478395.86,143519.97,119600,23919.97
Sublette,3,10,232968.19,212428.32,20539.87,73611,53071.1,20539.9,6162,5135.01,1026.99
Sugar Grove,2,8,228570.33,211605.12,16965.21,66339,49373.54,16965.46,5089.73,4241.44,848.29
Sullivan,6,26,902517.11,832692.11,69825,252893,183067.8,69825.2,20947.77,17456.48,3491.29
Summerfield,1,3,82275.59,75157.3,7118.29,29388,22269.71,7118.29,2135.53,1779.61,355.92
Summit,23,108,6947582.58,6362643.29,584939.29,2162733,1577738.24,584994.76,175499.41,146249.52,29249.89
Swansea,8,39,1923046.81,1766936.25,156110.56,580793,424681.78,156111.22,46833.62,39028.04,7805.58
Sycamore,11,50,3287840.99,3030933.13,256907.86,985101,728186.51,256914.49,77074.87,64229.07,12845.8
Symerton,1,2,154.88,82.19,72.69,73,0.31,72.69,21.81,18.18,3.63
Table Grove,2,6,76454.87,67648.57,8806.3,28520,19713.7,8806.3,2641.92,2201.61,440.31
Tallula,1,4,137308.22,126275.26,11032.96,48771,37738.08,11032.92,3309.91,2758.26,551.65
Tamaroa,1,3,95656.87,87367.87,8289,26922,18633.16,8288.84,2486.7,2072.25,414.45
Tampico,2,8,233831.65,210420.08,23411.57,90825,67413.43,23411.57,7023.64,5853.03,1170.61
Taylor Springs,3,12,251972.87,232365.14,19607.73,78200,58592.19,19607.81,5882.45,4902.05,980.4
Taylorville,25,114,4808223.1,4404895.64,403327.46,1518719,1115312.26,403406.74,121023.21,100852.68,20170.53
Teutopolis,5,20,1386847.95,1281169.51,105678.44,395598,289918.96,105679.04,31703.89,26419.91,5283.98
Thayer,1,3,66500.34,58948.09,7552.25,26604,19051.69,7552.31,2265.75,1888.12,377.63
Thebes,1,3,26112.45,23501.23,2611.22,6962,4350.78,2611.22,783.42,652.85,130.57
Third Lake,2,7,481186.45,448874.82,32311.63,138777,106465.41,32311.59,9693.53,8077.94,1615.59
Thomasboro,2,10,167317.81,151617.89,15699.92,54044,38344.08,15699.92,4710.04,3925.03,785.01
Thomson,2,7,200511.68,183907.44,16604.24,51836,35231.77,16604.23,4981.36,4151.13,830.23
Thornton,2,10,575417.56,535347.47,40070.09,175146,135075.93,40070.07,12021.09,10017.58,2003.51
Tilden,1,5,197320.45,184877.21,12443.24,73805,61361.76,12443.24,3733.04,3110.87,622.17
Tilton,5,25,2347717.8,2163644.89,184072.91,681139,497066.05,184072.95,55222.17,46018.49,9203.68
Tinley Park,25,116,7139255.09,6565058.02,574197.07,2079638,1505439.74,574198.26,172260.4,143550.37,28710.03
Tiskilwa,2,7,231740.71,215169.11,16571.6,78545,61973.4,16571.6,4971.52,4142.93,828.59
Toledo,2,10,324759.26,299697.63,25061.63,101312,76248.34,25063.66,7519.2,6266,1253.2
Tolono,5,22,773181.72,714492.74,58688.98,252596,193907.85,58688.15,17606.6,14672.17,2934.43
Toluca,4,16,510553.84,474296.41,36257.43,119384,83126.5,36257.5,10877.46,9064.54,1812.92
Tonica,1,4,108776.68,99317.47,9459.21,33376,23916.79,9459.21,2837.86,2364.88,472.98
Toulon,2,5,74833.29,67052.18,7781.11,24995,17213.73,7781.27,2334.4,1945.33,389.07
Tovey,1,5,456459.79,426886.46,29573.33,125699,96125.67,29573.33,8872.06,7393.38,1478.68
Towanda,1,5,239315.89,224232.59,15083.3,62996,47912.7,15083.3,4525.02,3770.85,754.17
Tremont,2,6,171004.71,153936.71,17068,52863,35796.03,17066.97,5120.18,4266.83,853.35
Trenton,3,12,553327.6,513086.07,40241.53,167654,127412.35,40241.65,12072.47,10060.41,2012.06
Troy,7,34,3290790.04,3039928.74,250861.3,926560,675580.66,250979.34,75293.97,62745,12548.97
Troy Grove,2,8,115555.94,106755.93,8800.01,37947,29146.99,8800.01,2639.97,2199.98,439.99
Tuscola,9,42,2075312.09,1907150.59,168161.5,634939,466781.64,168157.36,50447.71,42039.77,8407.94
Union,3,13,354602.34,325379.24,29223.1,120557,91333.93,29223.07,8767.09,7305.91,1461.18
University Park,3,13,680627.62,630941.55,49686.07,221319,171632.73,49686.27,14905.98,12421.65,2484.33
Urbana,21,100,8164702.36,7534382.61,630319.75,2834617,2204296.53,630320.47,189097.03,157580.89,31516.14
Ursa,2,5,41478.14,38044.61,3433.53,12427,8993.7,3433.3,1030.07,858.39,171.68
Valmeyer,1,3,20232.45,19609.15,623.3,6537,5913.7,623.3,187.05,155.88,31.17
Vandalia,15,73,4449866.14,4109249.14,340617,1247354,905940.04,341413.96,102424.77,85354.01,17070.76
Venedy,1,4,73831.13,65045.78,8785.35,22453,13667.62,8785.38,2635.68,2196.4,439.28
Venice,2,7,122616.29,109466.01,13150.28,44354,31203.59,13150.41,3945.18,3287.66,657.52
Vermont,2,5,68105.74,62057.25,6048.49,23749,17700.51,6048.49,1814.55,1512.13,302.42
Victoria,1,4,168053.67,153473.84,14579.83,43408,28825.53,14582.47,4374.77,3645.64,729.13
Vienna,3,14,493531.81,460232.31,33299.5,133645,100345.4,33299.6,9989.95,8324.95,1665
Villa Grove,3,13,457662.97,421443.28,36219.69,153527,117376.41,36150.59,10845.32,9037.78,1807.54
Villa Park,18,84,6903443.78,6368509.34,534934.44,2038910,1503974.89,534935.11,160481.12,133734.28,26746.84
Viola,1,3,34437.51,32152.63,2284.88,11293,9008.12,2284.88,685.5,571.26,114.24
Virden,5,19,658792.59,595966.23,62826.36,192344,129517.54,62826.46,18848.17,15706.82,3141.35
Virgil,1,3,104810.76,97385.19,7425.57,32754,25328.43,7425.57,2227.69,1856.4,371.29
Virginia,4,15,830012.83,769360.58,60652.25,248670,188015.15,60654.85,18196.62,15163.85,3032.77
Wadsworth,11,55,7067563,6495220.41,572342.59,2387724,1815032.06,572691.94,171808.23,143173.54,28634.69
Walnut,2,6,245369.43,228914.94,16454.49,86578,70123.51,16454.49,4936.4,4113.66,822.74
Walnut Hill,2,10,518601.14,473203.85,45397.29,148593,103195.71,45397.29,13619.17,11349.31,2269.86
Wamac,3,15,730200.79,663526.03,66674.76,206263,139982.32,66280.68,19884.44,16570.39,3314.05
Wapella,3,14,496601.22,451470.43,45130.79,158610,113479.5,45130.5,13539.37,11282.81,2256.56
Warren,3,11,393964.67,363593.39,30371.28,99945,69573.56,30371.44,9111.54,7592.95,1518.59
Warrensburg,1,5,219523.52,202408.86,17114.66,62090,44975.55,17114.45,5134.38,4278.65,855.73
Warsaw,1,3,123715.57,113809.49,9906.08,33743,23836.92,9906.08,2971.88,2476.57,495.31
Washburn,1,4,76327.62,67916.19,8411.43,23626,15214.57,8411.43,2523.43,2102.86,420.57
Washington,10,41,1605932.18,1462807.52,143124.66,486274,343148.95,143125.05,42938.04,35781.72,7156.32
Washington Park,2,10,573002.56,530437.57,42564.99,209888,167324.92,42563.08,12768.99,10640.82,2128.17
Wataga,2,7,238092.63,224261.86,13830.77,71525,57694.23,13830.77,4149.28,3457.74,691.54
Waterloo,9,37,2533987.17,2343927.87,190059.3,668728,478668.66,190059.34,57018.2,47515.17,9503.03
Waterman,2,7,175253.24,159558.14,15695.1,58081,42385.77,15695.23,4708.65,3923.87,784.78
Watseka,8,36,1036584.11,952048.69,84535.42,339835,255299.48,84535.52,25361,21134.18,4226.82
Wauconda,15,73,4527786.59,4184936.24,342850.35,1328506,985654.89,342851.11,102855.91,85713.29,17142.62
Waukegan,53,254,23828953.05,21968732.45,1860220.6,8195317,6335304.73,1860012.27,558006.15,465005.2,93000.95
Waverly,3,11,540676.27,491809.92,48866.35,190906,142039.65,48866.35,14660.02,12216.7,2443.32
Waynesville,1,3,44035.46,42151.04,1884.42,14414,12529.58,1884.42,565.4,471.16,94.24
Wenona,5,23,696728.02,644901.21,51826.81,222051,170224.19,51826.81,15548.17,12956.81,2591.36
West Brooklyn,2,7,223243.73,204777.68,18466.05,68444,49977.95,18466.05,5539.87,4616.56,923.31
West City,2,10,812687.91,743456.93,69230.98,204587,135355.9,69231.1,20769.38,17307.81,3461.57
West Dundee,6,21,631895.79,584752.46,47143.33,220308,173165.28,47142.72,14142.96,11785.81,2357.15
West Frankfort,7,29,1661154.85,1541174.07,119980.78,458839,338857.77,119981.23,35994.63,29995.53,5999.1
West Peoria,12,49,2475197.93,2285727.19,189470.74,820892,631418.03,189473.97,56842.61,47368.85,9473.76
Westchester,4,20,2942477.02,2712174.62,230302.4,922838,692536.35,230301.65,69090.74,57575.63,11515.11
Westmont,13,62,8091213.35,7488091.79,603121.56,2294783,1691661.43,603121.57,180937.21,150781.05,30156.16
Westville,6,29,1396506.48,1280880.87,115625.61,431723,316098.67,115624.33,34687.5,28906.25,5781.25
Wheeling,13,56,5155248.82,4722181.18,433067.64,1645323,1212237.66,433085.34,129926.16,108271.83,21654.33
White Hall,3,12,265838.7,243974.4,21864.3,73454,51589.45,21864.55,6559.39,5466.16,1093.23
Will County,25,108,4521251.48,4150934.53,370316.95,1398090,1027793.51,370296.49,111089.84,92574.88,18514.96
Williamson,1,5,191155.55,180554.72,10600.83,56364,45763.17,10600.83,3180.31,2650.26,530.05
Williamsville,2,8,720971.41,668266.92,52704.49,199343,146628.71,52714.29,15814.34,13178.62,2635.72
Willisville,2,8,205170.3,190020.25,15150.05,59743,44592.76,15150.24,4545.11,3787.6,757.51
Willow Springs,3,14,395509.6,357558.58,37951.02,132876,94924.95,37951.05,11385.55,9487.97,1897.58
Willowbrook,4,20,926310.26,849650.69,76659.57,287636,210975.37,76660.63,22998.4,19165.33,3833.07
Wilmington (Will),9,39,1742131.89,1594294.93,147836.96,495572,347754.34,147817.66,44345.78,36954.84,7390.94
Wilsonville,2,7,95373.61,86165.93,9207.68,29866,20658.32,9207.68,2762.34,2301.95,460.39
Winchester,3,13,633557.29,574199.08,59358.21,201027,141668.58,59358.42,17807.63,14839.7,2967.93
Windsor (Mercer),1,2,37908.13,33980.09,3928.04,10497,6569.22,3927.78,1178.35,981.96,196.39
Windsor (Shelby),3,11,337375.65,309373.03,28002.62,112807,84804.41,28002.59,8400.89,7000.73,1400.16
Winslow,1,3,77967.09,71832.44,6134.65,26397,20262.1,6134.9,1840.52,1533.76,306.76
Winthrop Harbor,9,41,3699258.22,3436602,262656.22,1122722,860066.6,262655.4,78797.03,65664.19,13132.84
Witt,1,3,96909.11,89015.62,7893.49,30116,22222.51,7893.49,2368.09,1973.41,394.68
Wood Dale,9,41,2669899.12,2457177.31,212721.81,811970,599247.57,212722.43,63817.18,53180.99,10636.19
Wood River,13,56,3593785.99,3344387.48,249398.51,996194,746795.46,249398.54,74819.97,62349.99,12469.98
Woodhull,3,13,1105384.98,1023943.73,81441.25,299448,217881.88,81566.12,24469.94,20391.62,4078.32
Woodridge,5,21,1008624.78,925890.17,82734.61,319760,237026.79,82733.21,24820.13,20683.44,4136.69
Woodson,1,5,230017.2,213123.7,16893.5,65831,48937.37,16893.63,5068.13,4223.44,844.69
Woodstock,22,99,5477712.94,5027588.14,450124.8,1804866,1354741.26,450124.74,135038.2,112531.9,22506.3
Worden,1,3,126995.05,115327.75,11667.3,33058,21390.6,11667.4,3500.24,2916.87,583.37
Worth,13,61,5023800.02,4642104.71,381695.31,1489886,1108190.52,381695.48,114509.29,95424.41,19084.88
Wyanet,1,5,161600.27,148307.51,13292.76,48732,35439.24,13292.76,3987.94,3323.29,664.65
Wyoming,2,8,248230.11,231719.2,16510.91,74471,57960.18,16510.82,4953.31,4127.76,825.55
Yates City,2,7,255735.26,233880.89,21854.37,73462,51607.68,21854.32,6556.3,5463.58,1092.72
Yorkville,14,64,2476467.89,2269631.55,206836.34,771580,564742.92,206837.08,62051.79,51709.85,10341.94
Zeigler,2,7,266081.16,250373.57,15707.59,68536,52828.41,15707.59,4712.35,3926.96,785.39
Zion,6,29,3560880.55,3279514.3,281366.25,1188803,907436.85,281366.15,84410.28,70341.9,14068.38
